,stop_id,stop_code,stop_name,stop_desc,stop_lat,stop_lon,zone_id,stop_url,location_type,parent_station
0,101,,Van Cortlandt Park - 242 St,,40.889247999999995,-73.898583,,,1,
1,101N,,Van Cortlandt Park - 242 St,,40.889247999999995,-73.898583,,,0,101
2,101S,,Van Cortlandt Park - 242 St,,40.889247999999995,-73.898583,,,0,101
3,103,,238 St,,40.884667,-73.90087,,,1,
4,103N,,238 St,,40.884667,-73.90087,,,0,103
5,103S,,238 St,,40.884667,-73.90087,,,0,103
6,104,,231 St,,40.878856,-73.904834,,,1,
7,104N,,231 St,,40.878856,-73.904834,,,0,104
8,104S,,231 St,,40.878856,-73.904834,,,0,104
9,106,,Marble Hill - 225 St,,40.874561,-73.90983100000001,,,1,
10,106N,,Marble Hill - 225 St,,40.874561,-73.90983100000001,,,0,106
11,106S,,Marble Hill - 225 St,,40.874561,-73.90983100000001,,,0,106
12,107,,215 St,,40.869444,-73.915279,,,1,
13,107N,,215 St,,40.869444,-73.915279,,,0,107
14,107S,,215 St,,40.869444,-73.915279,,,0,107
15,108,,207 St,,40.864621,-73.91882199999999,,,1,
16,108N,,207 St,,40.864621,-73.91882199999999,,,0,108
17,108S,,207 St,,40.864621,-73.91882199999999,,,0,108
18,109,,Dyckman St,,40.860531,-73.925536,,,1,
19,109N,,Dyckman St,,40.860531,-73.925536,,,0,109
20,109S,,Dyckman St,,40.860531,-73.925536,,,0,109
21,110,,191 St,,40.855225,-73.929412,,,1,
22,110N,,191 St,,40.855225,-73.929412,,,0,110
23,110S,,191 St,,40.855225,-73.929412,,,0,110
24,111,,181 St,,40.849505,-73.933596,,,1,
25,111N,,181 St,,40.849505,-73.933596,,,0,111
26,111S,,181 St,,40.849505,-73.933596,,,0,111
27,112,,168 St - Washington Hts,,40.840556,-73.94013299999999,,,1,
28,112N,,168 St - Washington Hts,,40.840556,-73.94013299999999,,,0,112
29,112S,,168 St - Washington Hts,,40.840556,-73.94013299999999,,,0,112
30,113,,157 St,,40.834041,-73.94489,,,1,
31,113N,,157 St,,40.834041,-73.94489,,,0,113
32,113S,,157 St,,40.834041,-73.94489,,,0,113
33,114,,145 St,,40.826551,-73.95036,,,1,
34,114N,,145 St,,40.826551,-73.95036,,,0,114
35,114S,,145 St,,40.826551,-73.95036,,,0,114
36,115,,137 St - City College,,40.822008000000004,-73.953676,,,1,
37,115N,,137 St - City College,,40.822008000000004,-73.953676,,,0,115
38,115S,,137 St - City College,,40.822008000000004,-73.953676,,,0,115
39,116,,125 St,,40.815581,-73.958372,,,1,
40,116N,,125 St,,40.815581,-73.958372,,,0,116
41,116S,,125 St,,40.815581,-73.958372,,,0,116
42,117,,116 St - Columbia University,,40.807722,-73.96410999999999,,,1,
43,117N,,116 St - Columbia University,,40.807722,-73.96410999999999,,,0,117
44,117S,,116 St - Columbia University,,40.807722,-73.96410999999999,,,0,117
45,118,,Cathedral Pkwy,,40.803967,-73.966847,,,1,
46,118N,,Cathedral Pkwy,,40.803967,-73.966847,,,0,118
47,118S,,Cathedral Pkwy,,40.803967,-73.966847,,,0,118
48,119,,103 St,,40.799446,-73.968379,,,1,
49,119N,,103 St,,40.799446,-73.968379,,,0,119
50,119S,,103 St,,40.799446,-73.968379,,,0,119
51,120,,96 St,,40.793919,-73.972323,,,1,
52,120N,,96 St,,40.793919,-73.972323,,,0,120
53,120S,,96 St,,40.793919,-73.972323,,,0,120
54,121,,86 St,,40.788644,-73.976218,,,1,
55,121N,,86 St,,40.788644,-73.976218,,,0,121
56,121S,,86 St,,40.788644,-73.976218,,,0,121
57,122,,79 St,,40.783934,-73.979917,,,1,
58,122N,,79 St,,40.783934,-73.979917,,,0,122
59,122S,,79 St,,40.783934,-73.979917,,,0,122
60,123,,72 St,,40.778453000000006,-73.98196999999999,,,1,
61,123N,,72 St,,40.778453000000006,-73.98196999999999,,,0,123
62,123S,,72 St,,40.778453000000006,-73.98196999999999,,,0,123
63,124,,66 St - Lincoln Center,,40.77344,-73.982209,,,1,
64,124N,,66 St - Lincoln Center,,40.77344,-73.982209,,,0,124
65,124S,,66 St - Lincoln Center,,40.77344,-73.982209,,,0,124
66,125,,59 St - Columbus Circle,,40.768246999999995,-73.98192900000001,,,1,
67,125N,,59 St - Columbus Circle,,40.768246999999995,-73.98192900000001,,,0,125
68,125S,,59 St - Columbus Circle,,40.768246999999995,-73.98192900000001,,,0,125
69,126,,50 St,,40.761728000000005,-73.98384899999999,,,1,
70,126N,,50 St,,40.761728000000005,-73.98384899999999,,,0,126
71,126S,,50 St,,40.761728000000005,-73.98384899999999,,,0,126
72,127,,Times Sq - 42 St,,40.75529,-73.987495,,,1,
73,127N,,Times Sq - 42 St,,40.75529,-73.987495,,,0,127
74,127S,,Times Sq - 42 St,,40.75529,-73.987495,,,0,127
75,128,,34 St - Penn Station,,40.750372999999996,-73.991057,,,1,
76,128N,,34 St - Penn Station,,40.750372999999996,-73.991057,,,0,128
77,128S,,34 St - Penn Station,,40.750372999999996,-73.991057,,,0,128
78,129,,28 St,,40.747215000000004,-73.993365,,,1,
79,129N,,28 St,,40.747215000000004,-73.993365,,,0,129
80,129S,,28 St,,40.747215000000004,-73.993365,,,0,129
81,130,,23 St,,40.744081,-73.995657,,,1,
82,130N,,23 St,,40.744081,-73.995657,,,0,130
83,130S,,23 St,,40.744081,-73.995657,,,0,130
84,131,,18 St,,40.741040000000005,-73.99787099999999,,,1,
85,131N,,18 St,,40.741040000000005,-73.99787099999999,,,0,131
86,131S,,18 St,,40.741040000000005,-73.99787099999999,,,0,131
87,132,,14 St,,40.737826,-74.000201,,,1,
88,132N,,14 St,,40.737826,-74.000201,,,0,132
89,132S,,14 St,,40.737826,-74.000201,,,0,132
90,133,,Christopher St - Sheridan Sq,,40.733422,-74.00290600000001,,,1,
91,133N,,Christopher St - Sheridan Sq,,40.733422,-74.00290600000001,,,0,133
92,133S,,Christopher St - Sheridan Sq,,40.733422,-74.00290600000001,,,0,133
93,134,,Houston St,,40.728251,-74.005367,,,1,
94,134N,,Houston St,,40.728251,-74.005367,,,0,134
95,134S,,Houston St,,40.728251,-74.005367,,,0,134
96,135,,Canal St,,40.722854,-74.006277,,,1,
97,135N,,Canal St,,40.722854,-74.006277,,,0,135
98,135S,,Canal St,,40.722854,-74.006277,,,0,135
99,136,,Franklin St,,40.719318,-74.006886,,,1,
100,136N,,Franklin St,,40.719318,-74.006886,,,0,136
101,136S,,Franklin St,,40.719318,-74.006886,,,0,136
102,137,,Chambers St,,40.715478000000004,-74.009266,,,1,
103,137N,,Chambers St,,40.715478000000004,-74.009266,,,0,137
104,137S,,Chambers St,,40.715478000000004,-74.009266,,,0,137
105,138,,WTC Cortlandt,,40.711835,-74.012188,,,1,
106,138N,,WTC Cortlandt,,40.711835,-74.012188,,,0,138
107,138S,,WTC Cortlandt,,40.711835,-74.012188,,,0,138
108,139,,Rector St,,40.707513,-74.01378299999999,,,1,
109,139N,,Rector St,,40.707513,-74.01378299999999,,,0,139
110,139S,,Rector St,,40.707513,-74.01378299999999,,,0,139
111,140,,South Ferry Loop,,40.701411,-74.013205,,,1,
112,140N,,South Ferry Loop,,40.701411,-74.013205,,,0,140
113,140S,,South Ferry Loop,,40.701411,-74.013205,,,0,140
114,142,,South Ferry,,40.702068,-74.013664,,,1,
115,142N,,South Ferry,,40.702068,-74.013664,,,0,142
116,142S,,South Ferry,,40.702068,-74.013664,,,0,142
117,201,,Wakefield - 241 St,,40.903125,-73.85061999999999,,,1,
118,201N,,Wakefield - 241 St,,40.903125,-73.85061999999999,,,0,201
119,201S,,Wakefield - 241 St,,40.903125,-73.85061999999999,,,0,201
120,204,,Nereid Av,,40.898379,-73.854376,,,1,
121,204N,,Nereid Av,,40.898379,-73.854376,,,0,204
122,204S,,Nereid Av,,40.898379,-73.854376,,,0,204
123,205,,233 St,,40.893193,-73.857473,,,1,
124,205N,,233 St,,40.893193,-73.857473,,,0,205
125,205S,,233 St,,40.893193,-73.857473,,,0,205
126,206,,225 St,,40.888022,-73.860341,,,1,
127,206N,,225 St,,40.888022,-73.860341,,,0,206
128,206S,,225 St,,40.888022,-73.860341,,,0,206
129,207,,219 St,,40.883895,-73.862633,,,1,
130,207N,,219 St,,40.883895,-73.862633,,,0,207
131,207S,,219 St,,40.883895,-73.862633,,,0,207
132,208,,Gun Hill Rd,,40.87785,-73.866256,,,1,
133,208N,,Gun Hill Rd,,40.87785,-73.866256,,,0,208
134,208S,,Gun Hill Rd,,40.87785,-73.866256,,,0,208
135,209,,Burke Av,,40.871356,-73.867164,,,1,
136,209N,,Burke Av,,40.871356,-73.867164,,,0,209
137,209S,,Burke Av,,40.871356,-73.867164,,,0,209
138,210,,Allerton Av,,40.865462,-73.867352,,,1,
139,210N,,Allerton Av,,40.865462,-73.867352,,,0,210
140,210S,,Allerton Av,,40.865462,-73.867352,,,0,210
141,211,,Pelham Pkwy,,40.857192,-73.867615,,,1,
142,211N,,Pelham Pkwy,,40.857192,-73.867615,,,0,211
143,211S,,Pelham Pkwy,,40.857192,-73.867615,,,0,211
144,212,,Bronx Park East,,40.848828000000005,-73.86845699999999,,,1,
145,212N,,Bronx Park East,,40.848828000000005,-73.86845699999999,,,0,212
146,212S,,Bronx Park East,,40.848828000000005,-73.86845699999999,,,0,212
147,213,,E 180 St,,40.841894,-73.873488,,,1,
148,213N,,E 180 St,,40.841894,-73.873488,,,0,213
149,213S,,E 180 St,,40.841894,-73.873488,,,0,213
150,214,,West Farms Sq - E Tremont Av,,40.840295000000005,-73.880049,,,1,
151,214N,,West Farms Sq - E Tremont Av,,40.840295000000005,-73.880049,,,0,214
152,214S,,West Farms Sq - E Tremont Av,,40.840295000000005,-73.880049,,,0,214
153,215,,174 St,,40.837288,-73.887734,,,1,
154,215N,,174 St,,40.837288,-73.887734,,,0,215
155,215S,,174 St,,40.837288,-73.887734,,,0,215
156,216,,Freeman St,,40.829993,-73.891865,,,1,
157,216N,,Freeman St,,40.829993,-73.891865,,,0,216
158,216S,,Freeman St,,40.829993,-73.891865,,,0,216
159,217,,Simpson St,,40.824073,-73.893064,,,1,
160,217N,,Simpson St,,40.824073,-73.893064,,,0,217
161,217S,,Simpson St,,40.824073,-73.893064,,,0,217
162,218,,Intervale Av,,40.822181,-73.896736,,,1,
163,218N,,Intervale Av,,40.822181,-73.896736,,,0,218
164,218S,,Intervale Av,,40.822181,-73.896736,,,0,218
165,219,,Prospect Av,,40.819585,-73.90177,,,1,
166,219N,,Prospect Av,,40.819585,-73.90177,,,0,219
167,219S,,Prospect Av,,40.819585,-73.90177,,,0,219
168,220,,Jackson Av,,40.81649,-73.90780699999999,,,1,
169,220N,,Jackson Av,,40.81649,-73.90780699999999,,,0,220
170,220S,,Jackson Av,,40.81649,-73.90780699999999,,,0,220
171,221,,3 Av - 149 St,,40.816109000000004,-73.917757,,,1,
172,221N,,3 Av - 149 St,,40.816109000000004,-73.917757,,,0,221
173,221S,,3 Av - 149 St,,40.816109000000004,-73.917757,,,0,221
174,222,,149 St - Grand Concourse,,40.81841,-73.92671800000001,,,1,
175,222N,,149 St - Grand Concourse,,40.81841,-73.92671800000001,,,0,222
176,222S,,149 St - Grand Concourse,,40.81841,-73.92671800000001,,,0,222
177,224,,135 St,,40.814229,-73.94077,,,1,
178,224N,,135 St,,40.814229,-73.94077,,,0,224
179,224S,,135 St,,40.814229,-73.94077,,,0,224
180,225,,125 St,,40.807753999999996,-73.945495,,,1,
181,225N,,125 St,,40.807753999999996,-73.945495,,,0,225
182,225S,,125 St,,40.807753999999996,-73.945495,,,0,225
183,226,,116 St,,40.802098,-73.949625,,,1,
184,226N,,116 St,,40.802098,-73.949625,,,0,226
185,226S,,116 St,,40.802098,-73.949625,,,0,226
186,227,,Central Park North (110 St),,40.799075,-73.95182199999999,,,1,
187,227N,,Central Park North (110 St),,40.799075,-73.95182199999999,,,0,227
188,227S,,Central Park North (110 St),,40.799075,-73.95182199999999,,,0,227
189,228,,Park Pl,,40.713051,-74.008811,,,1,
190,228N,,Park Pl,,40.713051,-74.008811,,,0,228
191,228S,,Park Pl,,40.713051,-74.008811,,,0,228
192,229,,Fulton St,,40.709416,-74.006571,,,1,
193,229N,,Fulton St,,40.709416,-74.006571,,,0,229
194,229S,,Fulton St,,40.709416,-74.006571,,,0,229
195,230,,Wall St,,40.706821000000005,-74.0091,,,1,
196,230N,,Wall St,,40.706821000000005,-74.0091,,,0,230
197,230S,,Wall St,,40.706821000000005,-74.0091,,,0,230
198,231,,Clark St,,40.697466,-73.993086,,,1,
199,231N,,Clark St,,40.697466,-73.993086,,,0,231
200,231S,,Clark St,,40.697466,-73.993086,,,0,231
201,232,,Borough Hall,,40.693219,-73.989998,,,1,
202,232N,,Borough Hall,,40.693219,-73.989998,,,0,232
203,232S,,Borough Hall,,40.693219,-73.989998,,,0,232
204,233,,Hoyt St,,40.690545,-73.985065,,,1,
205,233N,,Hoyt St,,40.690545,-73.985065,,,0,233
206,233S,,Hoyt St,,40.690545,-73.985065,,,0,233
207,234,,Nevins St,,40.688246,-73.980492,,,1,
208,234N,,Nevins St,,40.688246,-73.980492,,,0,234
209,234S,,Nevins St,,40.688246,-73.980492,,,0,234
210,235,,Atlantic Av - Barclays Ctr,,40.684359,-73.977666,,,1,
211,235N,,Atlantic Av - Barclays Ctr,,40.684359,-73.977666,,,0,235
212,235S,,Atlantic Av - Barclays Ctr,,40.684359,-73.977666,,,0,235
213,236,,Bergen St,,40.680828999999996,-73.975098,,,1,
214,236N,,Bergen St,,40.680828999999996,-73.975098,,,0,236
215,236S,,Bergen St,,40.680828999999996,-73.975098,,,0,236
216,237,,Grand Army Plaza,,40.675235,-73.971046,,,1,
217,237N,,Grand Army Plaza,,40.675235,-73.971046,,,0,237
218,237S,,Grand Army Plaza,,40.675235,-73.971046,,,0,237
219,238,,Eastern Pkwy - Brooklyn Museum,,40.671987,-73.964375,,,1,
220,238N,,Eastern Pkwy - Brooklyn Museum,,40.671987,-73.964375,,,0,238
221,238S,,Eastern Pkwy - Brooklyn Museum,,40.671987,-73.964375,,,0,238
222,239,,Franklin Av,,40.670682,-73.95813100000001,,,1,
223,239N,,Franklin Av,,40.670682,-73.95813100000001,,,0,239
224,239S,,Franklin Av,,40.670682,-73.95813100000001,,,0,239
225,241,,President St,,40.667883,-73.950683,,,1,
226,241N,,President St,,40.667883,-73.950683,,,0,241
227,241S,,President St,,40.667883,-73.950683,,,0,241
228,242,,Sterling St,,40.662742,-73.95085,,,1,
229,242N,,Sterling St,,40.662742,-73.95085,,,0,242
230,242S,,Sterling St,,40.662742,-73.95085,,,0,242
231,243,,Winthrop St,,40.656652,-73.9502,,,1,
232,243N,,Winthrop St,,40.656652,-73.9502,,,0,243
233,243S,,Winthrop St,,40.656652,-73.9502,,,0,243
234,244,,Church Av,,40.650843,-73.949575,,,1,
235,244N,,Church Av,,40.650843,-73.949575,,,0,244
236,244S,,Church Av,,40.650843,-73.949575,,,0,244
237,245,,Beverly Rd,,40.645098,-73.948959,,,1,
238,245N,,Beverly Rd,,40.645098,-73.948959,,,0,245
239,245S,,Beverly Rd,,40.645098,-73.948959,,,0,245
240,246,,Newkirk Av,,40.639967,-73.948411,,,1,
241,246N,,Newkirk Av,,40.639967,-73.948411,,,0,246
242,246S,,Newkirk Av,,40.639967,-73.948411,,,0,246
243,247,,Flatbush Av - Brooklyn College,,40.632836,-73.947642,,,1,
244,247N,,Flatbush Av - Brooklyn College,,40.632836,-73.947642,,,0,247
245,247S,,Flatbush Av - Brooklyn College,,40.632836,-73.947642,,,0,247
246,248,,Nostrand Av,,40.669847,-73.950466,,,1,
247,248N,,Nostrand Av,,40.669847,-73.950466,,,0,248
248,248S,,Nostrand Av,,40.669847,-73.950466,,,0,248
249,249,,Kingston Av,,40.669399,-73.942161,,,1,
250,249N,,Kingston Av,,40.669399,-73.942161,,,0,249
251,249S,,Kingston Av,,40.669399,-73.942161,,,0,249
252,250,,Crown Hts - Utica Av,,40.668896999999994,-73.93294200000001,,,1,
253,250N,,Crown Hts - Utica Av,,40.668896999999994,-73.93294200000001,,,0,250
254,250S,,Crown Hts - Utica Av,,40.668896999999994,-73.93294200000001,,,0,250
255,251,,Sutter Av - Rutland Rd,,40.664716999999996,-73.92260999999999,,,1,
256,251N,,Sutter Av - Rutland Rd,,40.664716999999996,-73.92260999999999,,,0,251
257,251S,,Sutter Av - Rutland Rd,,40.664716999999996,-73.92260999999999,,,0,251
258,252,,Saratoga Av,,40.661453,-73.916327,,,1,
259,252N,,Saratoga Av,,40.661453,-73.916327,,,0,252
260,252S,,Saratoga Av,,40.661453,-73.916327,,,0,252
261,253,,Rockaway Av,,40.662549,-73.908946,,,1,
262,253N,,Rockaway Av,,40.662549,-73.908946,,,0,253
263,253S,,Rockaway Av,,40.662549,-73.908946,,,0,253
264,254,,Junius St,,40.663515000000004,-73.902447,,,1,
265,254N,,Junius St,,40.663515000000004,-73.902447,,,0,254
266,254S,,Junius St,,40.663515000000004,-73.902447,,,0,254
267,255,,Pennsylvania Av,,40.664635,-73.89489499999999,,,1,
268,255N,,Pennsylvania Av,,40.664635,-73.89489499999999,,,0,255
269,255S,,Pennsylvania Av,,40.664635,-73.89489499999999,,,0,255
270,256,,Van Siclen Av,,40.665449,-73.889395,,,1,
271,256N,,Van Siclen Av,,40.665449,-73.889395,,,0,256
272,256S,,Van Siclen Av,,40.665449,-73.889395,,,0,256
273,257,,New Lots Av,,40.666235,-73.884079,,,1,
274,257N,,New Lots Av,,40.666235,-73.884079,,,0,257
275,257S,,New Lots Av,,40.666235,-73.884079,,,0,257
276,301,,Harlem - 148 St,,40.823879999999996,-73.93647,,,1,
277,301N,,Harlem - 148 St,,40.823879999999996,-73.93647,,,0,301
278,301S,,Harlem - 148 St,,40.823879999999996,-73.93647,,,0,301
279,302,,145 St,,40.820421,-73.936245,,,1,
280,302N,,145 St,,40.820421,-73.936245,,,0,302
281,302S,,145 St,,40.820421,-73.936245,,,0,302
282,401,,Woodlawn,,40.886037,-73.878751,,,1,
283,401N,,Woodlawn,,40.886037,-73.878751,,,0,401
284,401S,,Woodlawn,,40.886037,-73.878751,,,0,401
285,402,,Mosholu Pkwy,,40.87975,-73.88465500000001,,,1,
286,402N,,Mosholu Pkwy,,40.87975,-73.88465500000001,,,0,402
287,402S,,Mosholu Pkwy,,40.87975,-73.88465500000001,,,0,402
288,405,,Bedford Park Blvd - Lehman College,,40.873412,-73.890064,,,1,
289,405N,,Bedford Park Blvd - Lehman College,,40.873412,-73.890064,,,0,405
290,405S,,Bedford Park Blvd - Lehman College,,40.873412,-73.890064,,,0,405
291,406,,Kingsbridge Rd,,40.86776,-73.89717399999999,,,1,
292,406N,,Kingsbridge Rd,,40.86776,-73.89717399999999,,,0,406
293,406S,,Kingsbridge Rd,,40.86776,-73.89717399999999,,,0,406
294,407,,Fordham Rd,,40.862803,-73.901034,,,1,
295,407N,,Fordham Rd,,40.862803,-73.901034,,,0,407
296,407S,,Fordham Rd,,40.862803,-73.901034,,,0,407
297,408,,183 St,,40.858407,-73.903879,,,1,
298,408N,,183 St,,40.858407,-73.903879,,,0,408
299,408S,,183 St,,40.858407,-73.903879,,,0,408
300,409,,Burnside Av,,40.853453,-73.907684,,,1,
301,409N,,Burnside Av,,40.853453,-73.907684,,,0,409
302,409S,,Burnside Av,,40.853453,-73.907684,,,0,409
303,410,,176 St,,40.84848,-73.911794,,,1,
304,410N,,176 St,,40.84848,-73.911794,,,0,410
305,410S,,176 St,,40.84848,-73.911794,,,0,410
306,411,,Mt Eden Av,,40.844434,-73.91468499999999,,,1,
307,411N,,Mt Eden Av,,40.844434,-73.91468499999999,,,0,411
308,411S,,Mt Eden Av,,40.844434,-73.91468499999999,,,0,411
309,412,,170 St,,40.840075,-73.91779100000001,,,1,
310,412N,,170 St,,40.840075,-73.91779100000001,,,0,412
311,412S,,170 St,,40.840075,-73.91779100000001,,,0,412
312,413,,167 St,,40.835537,-73.9214,,,1,
313,413N,,167 St,,40.835537,-73.9214,,,0,413
314,413S,,167 St,,40.835537,-73.9214,,,0,413
315,414,,161 St - Yankee Stadium,,40.827994,-73.925831,,,1,
316,414N,,161 St - Yankee Stadium,,40.827994,-73.925831,,,0,414
317,414S,,161 St - Yankee Stadium,,40.827994,-73.925831,,,0,414
318,415,,149 St - Grand Concourse,,40.818375,-73.927351,,,1,
319,415N,,149 St - Grand Concourse,,40.818375,-73.927351,,,0,415
320,415S,,149 St - Grand Concourse,,40.818375,-73.927351,,,0,415
321,416,,138 St - Grand Concourse,,40.813224,-73.929849,,,1,
322,416N,,138 St - Grand Concourse,,40.813224,-73.929849,,,0,416
323,416S,,138 St - Grand Concourse,,40.813224,-73.929849,,,0,416
324,418,,Fulton St,,40.710368,-74.009509,,,1,
325,418N,,Fulton St,,40.710368,-74.009509,,,0,418
326,418S,,Fulton St,,40.710368,-74.009509,,,0,418
327,419,,Wall St,,40.707557,-74.011862,,,1,
328,419N,,Wall St,,40.707557,-74.011862,,,0,419
329,419S,,Wall St,,40.707557,-74.011862,,,0,419
330,420,,Bowling Green,,40.704817,-74.014065,,,1,
331,420N,,Bowling Green,,40.704817,-74.014065,,,0,420
332,420S,,Bowling Green,,40.704817,-74.014065,,,0,420
333,423,,Borough Hall,,40.692403999999996,-73.990151,,,1,
334,423N,,Borough Hall,,40.692403999999996,-73.990151,,,0,423
335,423S,,Borough Hall,,40.692403999999996,-73.990151,,,0,423
336,501,,Eastchester - Dyre Av,,40.8883,-73.830834,,,1,
337,501N,,Eastchester - Dyre Av,,40.8883,-73.830834,,,0,501
338,501S,,Eastchester - Dyre Av,,40.8883,-73.830834,,,0,501
339,502,,Baychester Av,,40.878663,-73.83859100000001,,,1,
340,502N,,Baychester Av,,40.878663,-73.83859100000001,,,0,502
341,502S,,Baychester Av,,40.878663,-73.83859100000001,,,0,502
342,503,,Gun Hill Rd,,40.869526,-73.846384,,,1,
343,503N,,Gun Hill Rd,,40.869526,-73.846384,,,0,503
344,503S,,Gun Hill Rd,,40.869526,-73.846384,,,0,503
345,504,,Pelham Pkwy,,40.858985,-73.85535899999999,,,1,
346,504N,,Pelham Pkwy,,40.858985,-73.85535899999999,,,0,504
347,504S,,Pelham Pkwy,,40.858985,-73.85535899999999,,,0,504
348,505,,Morris Park,,40.854364000000004,-73.860495,,,1,
349,505N,,Morris Park,,40.854364000000004,-73.860495,,,0,505
350,505S,,Morris Park,,40.854364000000004,-73.860495,,,0,505
351,601,,Pelham Bay Park,,40.852462,-73.828121,,,1,
352,601N,,Pelham Bay Park,,40.852462,-73.828121,,,0,601
353,601S,,Pelham Bay Park,,40.852462,-73.828121,,,0,601
354,602,,Buhre Av,,40.84681,-73.83256899999999,,,1,
355,602N,,Buhre Av,,40.84681,-73.83256899999999,,,0,602
356,602S,,Buhre Av,,40.84681,-73.83256899999999,,,0,602
357,603,,Middletown Rd,,40.843863,-73.836322,,,1,
358,603N,,Middletown Rd,,40.843863,-73.836322,,,0,603
359,603S,,Middletown Rd,,40.843863,-73.836322,,,0,603
360,604,,Westchester Sq - E Tremont Av,,40.839892,-73.842952,,,1,
361,604N,,Westchester Sq - E Tremont Av,,40.839892,-73.842952,,,0,604
362,604S,,Westchester Sq - E Tremont Av,,40.839892,-73.842952,,,0,604
363,606,,Zerega Av,,40.836488,-73.847036,,,1,
364,606N,,Zerega Av,,40.836488,-73.847036,,,0,606
365,606S,,Zerega Av,,40.836488,-73.847036,,,0,606
366,607,,Castle Hill Av,,40.834255,-73.85122199999999,,,1,
367,607N,,Castle Hill Av,,40.834255,-73.85122199999999,,,0,607
368,607S,,Castle Hill Av,,40.834255,-73.85122199999999,,,0,607
369,608,,Parkchester,,40.833226,-73.860816,,,1,
370,608N,,Parkchester,,40.833226,-73.860816,,,0,608
371,608S,,Parkchester,,40.833226,-73.860816,,,0,608
372,609,,St Lawrence Av,,40.831509000000004,-73.86761800000001,,,1,
373,609N,,St Lawrence Av,,40.831509000000004,-73.86761800000001,,,0,609
374,609S,,St Lawrence Av,,40.831509000000004,-73.86761800000001,,,0,609
375,610,,Morrison Av- Sound View,,40.829521,-73.874516,,,1,
376,610N,,Morrison Av- Sound View,,40.829521,-73.874516,,,0,610
377,610S,,Morrison Av- Sound View,,40.829521,-73.874516,,,0,610
378,611,,Elder Av,,40.828584,-73.879159,,,1,
379,611N,,Elder Av,,40.828584,-73.879159,,,0,611
380,611S,,Elder Av,,40.828584,-73.879159,,,0,611
381,612,,Whitlock Av,,40.826525,-73.88628299999999,,,1,
382,612N,,Whitlock Av,,40.826525,-73.88628299999999,,,0,612
383,612S,,Whitlock Av,,40.826525,-73.88628299999999,,,0,612
384,613,,Hunts Point Av,,40.820948,-73.890549,,,1,
385,613N,,Hunts Point Av,,40.820948,-73.890549,,,0,613
386,613S,,Hunts Point Av,,40.820948,-73.890549,,,0,613
387,614,,Longwood Av,,40.816103999999996,-73.896435,,,1,
388,614N,,Longwood Av,,40.816103999999996,-73.896435,,,0,614
389,614S,,Longwood Av,,40.816103999999996,-73.896435,,,0,614
390,615,,E 149 St,,40.812118,-73.904098,,,1,
391,615N,,E 149 St,,40.812118,-73.904098,,,0,615
392,615S,,E 149 St,,40.812118,-73.904098,,,0,615
393,616,,E 143 St - St Mary's St,,40.808719,-73.907657,,,1,
394,616N,,E 143 St - St Mary's St,,40.808719,-73.907657,,,0,616
395,616S,,E 143 St - St Mary's St,,40.808719,-73.907657,,,0,616
396,617,,Cypress Av,,40.805368,-73.91404200000001,,,1,
397,617N,,Cypress Av,,40.805368,-73.91404200000001,,,0,617
398,617S,,Cypress Av,,40.805368,-73.91404200000001,,,0,617
399,618,,Brook Av,,40.807565999999994,-73.91924,,,1,
400,618N,,Brook Av,,40.807565999999994,-73.91924,,,0,618
401,618S,,Brook Av,,40.807565999999994,-73.91924,,,0,618
402,619,,3 Av - 138 St,,40.810476,-73.926138,,,1,
403,619N,,3 Av - 138 St,,40.810476,-73.926138,,,0,619
404,619S,,3 Av - 138 St,,40.810476,-73.926138,,,0,619
405,621,,125 St,,40.804138,-73.93759399999999,,,1,
406,621N,,125 St,,40.804138,-73.93759399999999,,,0,621
407,621S,,125 St,,40.804138,-73.93759399999999,,,0,621
408,622,,116 St,,40.798629,-73.94161700000001,,,1,
409,622N,,116 St,,40.798629,-73.94161700000001,,,0,622
410,622S,,116 St,,40.798629,-73.94161700000001,,,0,622
411,623,,110 St,,40.79502,-73.94425,,,1,
412,623N,,110 St,,40.79502,-73.94425,,,0,623
413,623S,,110 St,,40.79502,-73.94425,,,0,623
414,624,,103 St,,40.7906,-73.947478,,,1,
415,624N,,103 St,,40.7906,-73.947478,,,0,624
416,624S,,103 St,,40.7906,-73.947478,,,0,624
417,625,,96 St,,40.785672,-73.95107,,,1,
418,625N,,96 St,,40.785672,-73.95107,,,0,625
419,625S,,96 St,,40.785672,-73.95107,,,0,625
420,626,,86 St,,40.779492,-73.955589,,,1,
421,626N,,86 St,,40.779492,-73.955589,,,0,626
422,626S,,86 St,,40.779492,-73.955589,,,0,626
423,627,,77 St,,40.77362,-73.959874,,,1,
424,627N,,77 St,,40.77362,-73.959874,,,0,627
425,627S,,77 St,,40.77362,-73.959874,,,0,627
426,628,,68 St - Hunter College,,40.768141,-73.96387,,,1,
427,628N,,68 St - Hunter College,,40.768141,-73.96387,,,0,628
428,628S,,68 St - Hunter College,,40.768141,-73.96387,,,0,628
429,629,,59 St,,40.762526,-73.967967,,,1,
430,629N,,59 St,,40.762526,-73.967967,,,0,629
431,629S,,59 St,,40.762526,-73.967967,,,0,629
432,630,,51 St,,40.757107,-73.97192,,,1,
433,630N,,51 St,,40.757107,-73.97192,,,0,630
434,630S,,51 St,,40.757107,-73.97192,,,0,630
435,631,,Grand Central - 42 St,,40.751776,-73.976848,,,1,
436,631N,,Grand Central - 42 St,,40.751776,-73.976848,,,0,631
437,631S,,Grand Central - 42 St,,40.751776,-73.976848,,,0,631
438,632,,33 St,,40.746081,-73.982076,,,1,
439,632N,,33 St,,40.746081,-73.982076,,,0,632
440,632S,,33 St,,40.746081,-73.982076,,,0,632
441,633,,28 St,,40.74307,-73.984264,,,1,
442,633N,,28 St,,40.74307,-73.984264,,,0,633
443,633S,,28 St,,40.74307,-73.984264,,,0,633
444,634,,23 St,,40.739864000000004,-73.986599,,,1,
445,634N,,23 St,,40.739864000000004,-73.986599,,,0,634
446,634S,,23 St,,40.739864000000004,-73.986599,,,0,634
447,635,,14 St - Union Sq,,40.734673,-73.989951,,,1,
448,635N,,14 St - Union Sq,,40.734673,-73.989951,,,0,635
449,635S,,14 St - Union Sq,,40.734673,-73.989951,,,0,635
450,636,,Astor Pl,,40.730053999999996,-73.99107,,,1,
451,636N,,Astor Pl,,40.730053999999996,-73.99107,,,0,636
452,636S,,Astor Pl,,40.730053999999996,-73.99107,,,0,636
453,637,,Bleecker St,,40.725915,-73.994659,,,1,
454,637N,,Bleecker St,,40.725915,-73.994659,,,0,637
455,637S,,Bleecker St,,40.725915,-73.994659,,,0,637
456,638,,Spring St,,40.722301,-73.997141,,,1,
457,638N,,Spring St,,40.722301,-73.997141,,,0,638
458,638S,,Spring St,,40.722301,-73.997141,,,0,638
459,639,,Canal St,,40.718803,-74.00019300000001,,,1,
460,639N,,Canal St,,40.718803,-74.00019300000001,,,0,639
461,639S,,Canal St,,40.718803,-74.00019300000001,,,0,639
462,640,,Brooklyn Bridge - City Hall,,40.713065,-74.004131,,,1,
463,640N,,Brooklyn Bridge - City Hall,,40.713065,-74.004131,,,0,640
464,640S,,Brooklyn Bridge - City Hall,,40.713065,-74.004131,,,0,640
465,701,,Flushing - Main St,,40.7596,-73.83003000000001,,,1,
466,701N,,Flushing - Main St,,40.7596,-73.83003000000001,,,0,701
467,701S,,Flushing - Main St,,40.7596,-73.83003000000001,,,0,701
468,702,,Mets - Willets Point,,40.754622,-73.845625,,,1,
469,702N,,Mets - Willets Point,,40.754622,-73.845625,,,0,702
470,702S,,Mets - Willets Point,,40.754622,-73.845625,,,0,702
471,705,,111 St,,40.75173,-73.855334,,,1,
472,705N,,111 St,,40.75173,-73.855334,,,0,705
473,705S,,111 St,,40.75173,-73.855334,,,0,705
474,706,,103 St - Corona Plaza,,40.749865,-73.8627,,,1,
475,706N,,103 St - Corona Plaza,,40.749865,-73.8627,,,0,706
476,706S,,103 St - Corona Plaza,,40.749865,-73.8627,,,0,706
477,707,,Junction Blvd,,40.749145,-73.869527,,,1,
478,707N,,Junction Blvd,,40.749145,-73.869527,,,0,707
479,707S,,Junction Blvd,,40.749145,-73.869527,,,0,707
480,708,,90 St - Elmhurst Av,,40.748408000000005,-73.876613,,,1,
481,708N,,90 St - Elmhurst Av,,40.748408000000005,-73.876613,,,0,708
482,708S,,90 St - Elmhurst Av,,40.748408000000005,-73.876613,,,0,708
483,709,,82 St - Jackson Hts,,40.747659000000006,-73.883697,,,1,
484,709N,,82 St - Jackson Hts,,40.747659000000006,-73.883697,,,0,709
485,709S,,82 St - Jackson Hts,,40.747659000000006,-73.883697,,,0,709
486,710,,74 St - Broadway,,40.746848,-73.89139399999999,,,1,
487,710N,,74 St - Broadway,,40.746848,-73.89139399999999,,,0,710
488,710S,,74 St - Broadway,,40.746848,-73.89139399999999,,,0,710
489,711,,69 St,,40.746325,-73.896403,,,1,
490,711N,,69 St,,40.746325,-73.896403,,,0,711
491,711S,,69 St,,40.746325,-73.896403,,,0,711
492,712,,Woodside - 61 St,,40.74563,-73.902984,,,1,
493,712N,,Woodside - 61 St,,40.74563,-73.902984,,,0,712
494,712S,,Woodside - 61 St,,40.74563,-73.902984,,,0,712
495,713,,52 St,,40.744149,-73.912549,,,1,
496,713N,,52 St,,40.744149,-73.912549,,,0,713
497,713S,,52 St,,40.744149,-73.912549,,,0,713
498,714,,46 St,,40.743132,-73.918435,,,1,
499,714N,,46 St,,40.743132,-73.918435,,,0,714
500,714S,,46 St,,40.743132,-73.918435,,,0,714
501,715,,40 St,,40.743781,-73.92401600000001,,,1,
502,715N,,40 St,,40.743781,-73.92401600000001,,,0,715
503,715S,,40 St,,40.743781,-73.92401600000001,,,0,715
504,716,,33 St,,40.744587,-73.93099699999999,,,1,
505,716N,,33 St,,40.744587,-73.93099699999999,,,0,716
506,716S,,33 St,,40.744587,-73.93099699999999,,,0,716
507,718,,Queensboro Plaza,,40.750582,-73.940202,,,1,
508,718N,,Queensboro Plaza,,40.750582,-73.940202,,,0,718
509,718S,,Queensboro Plaza,,40.750582,-73.940202,,,0,718
510,719,,Court Sq,,40.747023,-73.945264,,,1,
511,719N,,Court Sq,,40.747023,-73.945264,,,0,719
512,719S,,Court Sq,,40.747023,-73.945264,,,0,719
513,720,,Hunters Point Av,,40.742216,-73.948916,,,1,
514,720N,,Hunters Point Av,,40.742216,-73.948916,,,0,720
515,720S,,Hunters Point Av,,40.742216,-73.948916,,,0,720
516,721,,Vernon Blvd - Jackson Av,,40.742626,-73.953581,,,1,
517,721N,,Vernon Blvd - Jackson Av,,40.742626,-73.953581,,,0,721
518,721S,,Vernon Blvd - Jackson Av,,40.742626,-73.953581,,,0,721
519,723,,Grand Central - 42 St,,40.751431,-73.97604100000001,,,1,
520,723N,,Grand Central - 42 St,,40.751431,-73.97604100000001,,,0,723
521,723S,,Grand Central - 42 St,,40.751431,-73.97604100000001,,,0,723
522,724,,5 Av,,40.753821,-73.98196300000001,,,1,
523,724N,,5 Av,,40.753821,-73.98196300000001,,,0,724
524,724S,,5 Av,,40.753821,-73.98196300000001,,,0,724
525,725,,Times Sq - 42 St,,40.755477,-73.987691,,,1,
526,725N,,Times Sq - 42 St,,40.755477,-73.987691,,,0,725
527,725S,,Times Sq - 42 St,,40.755477,-73.987691,,,0,725
528,726,,34 St - 11 Av,,40.755882,-74.00191,,,1,
529,726N,,34 St - 11 Av,,40.755882,-74.00191,,,0,726
530,726S,,34 St - 11 Av,,40.755882,-74.00191,,,0,726
531,901,,Grand Central - 42 St,,40.752769,-73.979189,,,1,
532,901N,,Grand Central - 42 St,,40.752769,-73.979189,,,0,901
533,901S,,Grand Central - 42 St,,40.752769,-73.979189,,,0,901
534,902,,Times Sq - 42 St,,40.755983,-73.98622900000001,,,1,
535,902N,,Times Sq - 42 St,,40.755983,-73.98622900000001,,,0,902
536,902S,,Times Sq - 42 St,,40.755983,-73.98622900000001,,,0,902
537,A02,,Inwood - 207 St,,40.868072,-73.919899,,,1,
538,A02N,,Inwood - 207 St,,40.868072,-73.919899,,,0,A02
539,A02S,,Inwood - 207 St,,40.868072,-73.919899,,,0,A02
540,A03,,Dyckman St,,40.865491,-73.92727099999999,,,1,
541,A03N,,Dyckman St,,40.865491,-73.92727099999999,,,0,A03
542,A03S,,Dyckman St,,40.865491,-73.92727099999999,,,0,A03
543,A05,,190 St,,40.859021999999996,-73.93418,,,1,
544,A05N,,190 St,,40.859021999999996,-73.93418,,,0,A05
545,A05S,,190 St,,40.859021999999996,-73.93418,,,0,A05
546,A06,,181 St,,40.851695,-73.937969,,,1,
547,A06N,,181 St,,40.851695,-73.937969,,,0,A06
548,A06S,,181 St,,40.851695,-73.937969,,,0,A06
549,A07,,175 St,,40.847390999999995,-73.939704,,,1,
550,A07N,,175 St,,40.847390999999995,-73.939704,,,0,A07
551,A07S,,175 St,,40.847390999999995,-73.939704,,,0,A07
552,A09,,168 St,,40.840719,-73.939561,,,1,
553,A09N,,168 St,,40.840719,-73.939561,,,0,A09
554,A09S,,168 St,,40.840719,-73.939561,,,0,A09
555,A10,,163 St - Amsterdam Av,,40.836013,-73.939892,,,1,
556,A10N,,163 St - Amsterdam Av,,40.836013,-73.939892,,,0,A10
557,A10S,,163 St - Amsterdam Av,,40.836013,-73.939892,,,0,A10
558,A11,,155 St,,40.830518,-73.941514,,,1,
559,A11N,,155 St,,40.830518,-73.941514,,,0,A11
560,A11S,,155 St,,40.830518,-73.941514,,,0,A11
561,A12,,145 St,,40.824783000000004,-73.944216,,,1,
562,A12N,,145 St,,40.824783000000004,-73.944216,,,0,A12
563,A12S,,145 St,,40.824783000000004,-73.944216,,,0,A12
564,A14,,135 St,,40.817894,-73.947649,,,1,
565,A14N,,135 St,,40.817894,-73.947649,,,0,A14
566,A14S,,135 St,,40.817894,-73.947649,,,0,A14
567,A15,,125 St,,40.811109,-73.952343,,,1,
568,A15N,,125 St,,40.811109,-73.952343,,,0,A15
569,A15S,,125 St,,40.811109,-73.952343,,,0,A15
570,A16,,116 St,,40.805085,-73.954882,,,1,
571,A16N,,116 St,,40.805085,-73.954882,,,0,A16
572,A16S,,116 St,,40.805085,-73.954882,,,0,A16
573,A17,,Cathedral Pkwy (110 St),,40.800603,-73.958161,,,1,
574,A17N,,Cathedral Pkwy (110 St),,40.800603,-73.958161,,,0,A17
575,A17S,,Cathedral Pkwy (110 St),,40.800603,-73.958161,,,0,A17
576,A18,,103 St,,40.796092,-73.961454,,,1,
577,A18N,,103 St,,40.796092,-73.961454,,,0,A18
578,A18S,,103 St,,40.796092,-73.961454,,,0,A18
579,A19,,96 St,,40.791641999999996,-73.96469599999999,,,1,
580,A19N,,96 St,,40.791641999999996,-73.96469599999999,,,0,A19
581,A19S,,96 St,,40.791641999999996,-73.96469599999999,,,0,A19
582,A20,,86 St,,40.785868,-73.96891600000001,,,1,
583,A20N,,86 St,,40.785868,-73.96891600000001,,,0,A20
584,A20S,,86 St,,40.785868,-73.96891600000001,,,0,A20
585,A21,,81 St - Museum of Natural History,,40.781433,-73.972143,,,1,
586,A21N,,81 St - Museum of Natural History,,40.781433,-73.972143,,,0,A21
587,A21S,,81 St - Museum of Natural History,,40.781433,-73.972143,,,0,A21
588,A22,,72 St,,40.775594,-73.97641,,,1,
589,A22N,,72 St,,40.775594,-73.97641,,,0,A22
590,A22S,,72 St,,40.775594,-73.97641,,,0,A22
591,A24,,59 St - Columbus Circle,,40.768296,-73.981736,,,1,
592,A24N,,59 St - Columbus Circle,,40.768296,-73.981736,,,0,A24
593,A24S,,59 St - Columbus Circle,,40.768296,-73.981736,,,0,A24
594,A25,,50 St,,40.762456,-73.985984,,,1,
595,A25N,,50 St,,40.762456,-73.985984,,,0,A25
596,A25S,,50 St,,40.762456,-73.985984,,,0,A25
597,A27,,42 St - Port Authority Bus Terminal,,40.757308,-73.989735,,,1,
598,A27N,,42 St - Port Authority Bus Terminal,,40.757308,-73.989735,,,0,A27
599,A27S,,42 St - Port Authority Bus Terminal,,40.757308,-73.989735,,,0,A27
600,A28,,34 St - Penn Station,,40.752287,-73.993391,,,1,
601,A28N,,34 St - Penn Station,,40.752287,-73.993391,,,0,A28
602,A28S,,34 St - Penn Station,,40.752287,-73.993391,,,0,A28
603,A30,,23 St,,40.745906,-73.998041,,,1,
604,A30N,,23 St,,40.745906,-73.998041,,,0,A30
605,A30S,,23 St,,40.745906,-73.998041,,,0,A30
606,A31,,14 St,,40.740893,-74.00169,,,1,
607,A31N,,14 St,,40.740893,-74.00169,,,0,A31
608,A31S,,14 St,,40.740893,-74.00169,,,0,A31
609,A32,,W 4 St,,40.732338,-74.000495,,,1,
610,A32N,,W 4 St,,40.732338,-74.000495,,,0,A32
611,A32S,,W 4 St,,40.732338,-74.000495,,,0,A32
612,A33,,Spring St,,40.726227,-74.003739,,,1,
613,A33N,,Spring St,,40.726227,-74.003739,,,0,A33
614,A33S,,Spring St,,40.726227,-74.003739,,,0,A33
615,A34,,Canal St,,40.720824,-74.005229,,,1,
616,A34N,,Canal St,,40.720824,-74.005229,,,0,A34
617,A34S,,Canal St,,40.720824,-74.005229,,,0,A34
618,A36,,Chambers St,,40.714110999999995,-74.008585,,,1,
619,A36N,,Chambers St,,40.714110999999995,-74.008585,,,0,A36
620,A36S,,Chambers St,,40.714110999999995,-74.008585,,,0,A36
621,A38,,Fulton St,,40.710196999999994,-74.00769100000001,,,1,
622,A38N,,Fulton St,,40.710196999999994,-74.00769100000001,,,0,A38
623,A38S,,Fulton St,,40.710196999999994,-74.00769100000001,,,0,A38
624,A40,,High St,,40.699337,-73.990531,,,1,
625,A40N,,High St,,40.699337,-73.990531,,,0,A40
626,A40S,,High St,,40.699337,-73.990531,,,0,A40
627,A41,,Jay St - MetroTech,,40.692338,-73.987342,,,1,
628,A41N,,Jay St - MetroTech,,40.692338,-73.987342,,,0,A41
629,A41S,,Jay St - MetroTech,,40.692338,-73.987342,,,0,A41
630,A42,,Hoyt - Schermerhorn Sts,,40.688484,-73.985001,,,1,
631,A42N,,Hoyt - Schermerhorn Sts,,40.688484,-73.985001,,,0,A42
632,A42S,,Hoyt - Schermerhorn Sts,,40.688484,-73.985001,,,0,A42
633,A43,,Lafayette Av,,40.686113,-73.973946,,,1,
634,A43N,,Lafayette Av,,40.686113,-73.973946,,,0,A43
635,A43S,,Lafayette Av,,40.686113,-73.973946,,,0,A43
636,A44,,Clinton - Washington Avs,,40.683263000000004,-73.965838,,,1,
637,A44N,,Clinton - Washington Avs,,40.683263000000004,-73.965838,,,0,A44
638,A44S,,Clinton - Washington Avs,,40.683263000000004,-73.965838,,,0,A44
639,A45,,Franklin Av,,40.68138,-73.956848,,,1,
640,A45N,,Franklin Av,,40.68138,-73.956848,,,0,A45
641,A45S,,Franklin Av,,40.68138,-73.956848,,,0,A45
642,A46,,Nostrand Av,,40.680438,-73.95042600000001,,,1,
643,A46N,,Nostrand Av,,40.680438,-73.95042600000001,,,0,A46
644,A46S,,Nostrand Av,,40.680438,-73.95042600000001,,,0,A46
645,A47,,Kingston - Throop Avs,,40.679921,-73.94085799999999,,,1,
646,A47N,,Kingston - Throop Avs,,40.679921,-73.94085799999999,,,0,A47
647,A47S,,Kingston - Throop Avs,,40.679921,-73.94085799999999,,,0,A47
648,A48,,Utica Av,,40.679364,-73.930729,,,1,
649,A48N,,Utica Av,,40.679364,-73.930729,,,0,A48
650,A48S,,Utica Av,,40.679364,-73.930729,,,0,A48
651,A49,,Ralph Av,,40.678822,-73.92078599999999,,,1,
652,A49N,,Ralph Av,,40.678822,-73.92078599999999,,,0,A49
653,A49S,,Ralph Av,,40.678822,-73.92078599999999,,,0,A49
654,A50,,Rockaway Av,,40.678340000000006,-73.911946,,,1,
655,A50N,,Rockaway Av,,40.678340000000006,-73.911946,,,0,A50
656,A50S,,Rockaway Av,,40.678340000000006,-73.911946,,,0,A50
657,A51,,Broadway Jct,,40.678334,-73.905316,,,1,
658,A51N,,Broadway Jct,,40.678334,-73.905316,,,0,A51
659,A51S,,Broadway Jct,,40.678334,-73.905316,,,0,A51
660,A52,,Liberty Av,,40.674541999999995,-73.896548,,,1,
661,A52N,,Liberty Av,,40.674541999999995,-73.896548,,,0,A52
662,A52S,,Liberty Av,,40.674541999999995,-73.896548,,,0,A52
663,A53,,Van Siclen Av,,40.672709999999995,-73.89035799999999,,,1,
664,A53N,,Van Siclen Av,,40.672709999999995,-73.89035799999999,,,0,A53
665,A53S,,Van Siclen Av,,40.672709999999995,-73.89035799999999,,,0,A53
666,A54,,Shepherd Av,,40.67413,-73.88075,,,1,
667,A54N,,Shepherd Av,,40.67413,-73.88075,,,0,A54
668,A54S,,Shepherd Av,,40.67413,-73.88075,,,0,A54
669,A55,,Euclid Av,,40.675377000000005,-73.872106,,,1,
670,A55N,,Euclid Av,,40.675377000000005,-73.872106,,,0,A55
671,A55S,,Euclid Av,,40.675377000000005,-73.872106,,,0,A55
672,A57,,Grant Av,,40.677044,-73.86505,,,1,
673,A57N,,Grant Av,,40.677044,-73.86505,,,0,A57
674,A57S,,Grant Av,,40.677044,-73.86505,,,0,A57
675,A59,,80 St,,40.679371,-73.858992,,,1,
676,A59N,,80 St,,40.679371,-73.858992,,,0,A59
677,A59S,,80 St,,40.679371,-73.858992,,,0,A59
678,A60,,88 St,,40.679843,-73.85146999999999,,,1,
679,A60N,,88 St,,40.679843,-73.85146999999999,,,0,A60
680,A60S,,88 St,,40.679843,-73.85146999999999,,,0,A60
681,A61,,Rockaway Blvd,,40.680429,-73.843853,,,1,
682,A61N,,Rockaway Blvd,,40.680429,-73.843853,,,0,A61
683,A61S,,Rockaway Blvd,,40.680429,-73.843853,,,0,A61
684,A63,,104 St,,40.681711,-73.837683,,,1,
685,A63N,,104 St,,40.681711,-73.837683,,,0,A63
686,A63S,,104 St,,40.681711,-73.837683,,,0,A63
687,A64,,111 St,,40.684331,-73.832163,,,1,
688,A64N,,111 St,,40.684331,-73.832163,,,0,A64
689,A64S,,111 St,,40.684331,-73.832163,,,0,A64
690,A65,,Ozone Park - Lefferts Blvd,,40.685951,-73.82579799999999,,,1,
691,A65N,,Ozone Park - Lefferts Blvd,,40.685951,-73.82579799999999,,,0,A65
692,A65S,,Ozone Park - Lefferts Blvd,,40.685951,-73.82579799999999,,,0,A65
693,B04,,21 St - Queensbridge,,40.754203000000004,-73.942836,,,1,
694,B04N,,21 St - Queensbridge,,40.754203000000004,-73.942836,,,0,B04
695,B04S,,21 St - Queensbridge,,40.754203000000004,-73.942836,,,0,B04
696,B06,,Roosevelt Island,,40.759145000000004,-73.95326,,,1,
697,B06N,,Roosevelt Island,,40.759145000000004,-73.95326,,,0,B06
698,B06S,,Roosevelt Island,,40.759145000000004,-73.95326,,,0,B06
699,B08,,Lexington Av/63 St,,40.764629,-73.966113,,,1,
700,B08N,,Lexington Av/63 St,,40.764629,-73.966113,,,0,B08
701,B08S,,Lexington Av/63 St,,40.764629,-73.966113,,,0,B08
702,B10,,57 St,,40.763971999999995,-73.97745,,,1,
703,B10N,,57 St,,40.763971999999995,-73.97745,,,0,B10
704,B10S,,57 St,,40.763971999999995,-73.97745,,,0,B10
705,B12,,9 Av,,40.646291999999995,-73.994324,,,1,
706,B12N,,9 Av,,40.646291999999995,-73.994324,,,0,B12
707,B12S,,9 Av,,40.646291999999995,-73.994324,,,0,B12
708,B13,,Fort Hamilton Pkwy,,40.640914,-73.994304,,,1,
709,B13N,,Fort Hamilton Pkwy,,40.640914,-73.994304,,,0,B13
710,B13S,,Fort Hamilton Pkwy,,40.640914,-73.994304,,,0,B13
711,B14,,50 St,,40.63626,-73.994791,,,1,
712,B14N,,50 St,,40.63626,-73.994791,,,0,B14
713,B14S,,50 St,,40.63626,-73.994791,,,0,B14
714,B15,,55 St,,40.631434999999996,-73.995476,,,1,
715,B15N,,55 St,,40.631434999999996,-73.995476,,,0,B15
716,B15S,,55 St,,40.631434999999996,-73.995476,,,0,B15
717,B16,,62 St,,40.626472,-73.996895,,,1,
718,B16N,,62 St,,40.626472,-73.996895,,,0,B16
719,B16S,,62 St,,40.626472,-73.996895,,,0,B16
720,B17,,71 St,,40.619589000000005,-73.998864,,,1,
721,B17N,,71 St,,40.619589000000005,-73.998864,,,0,B17
722,B17S,,71 St,,40.619589000000005,-73.998864,,,0,B17
723,B18,,79 St,,40.613501,-74.00061,,,1,
724,B18N,,79 St,,40.613501,-74.00061,,,0,B18
725,B18S,,79 St,,40.613501,-74.00061,,,0,B18
726,B19,,18 Av,,40.607954,-74.001736,,,1,
727,B19N,,18 Av,,40.607954,-74.001736,,,0,B19
728,B19S,,18 Av,,40.607954,-74.001736,,,0,B19
729,B20,,20 Av,,40.604556,-73.998168,,,1,
730,B20N,,20 Av,,40.604556,-73.998168,,,0,B20
731,B20S,,20 Av,,40.604556,-73.998168,,,0,B20
732,B21,,Bay Pkwy,,40.601875,-73.993728,,,1,
733,B21N,,Bay Pkwy,,40.601875,-73.993728,,,0,B21
734,B21S,,Bay Pkwy,,40.601875,-73.993728,,,0,B21
735,B22,,25 Av,,40.597704,-73.986829,,,1,
736,B22N,,25 Av,,40.597704,-73.986829,,,0,B22
737,B22S,,25 Av,,40.597704,-73.986829,,,0,B22
738,B23,,Bay 50 St,,40.588840999999995,-73.983765,,,1,
739,B23N,,Bay 50 St,,40.588840999999995,-73.983765,,,0,B23
740,B23S,,Bay 50 St,,40.588840999999995,-73.983765,,,0,B23
741,D01,,Norwood - 205 St,,40.874811,-73.878855,,,1,
742,D01N,,Norwood - 205 St,,40.874811,-73.878855,,,0,D01
743,D01S,,Norwood - 205 St,,40.874811,-73.878855,,,0,D01
744,D03,,Bedford Park Blvd,,40.873244,-73.88713800000001,,,1,
745,D03N,,Bedford Park Blvd,,40.873244,-73.88713800000001,,,0,D03
746,D03S,,Bedford Park Blvd,,40.873244,-73.88713800000001,,,0,D03
747,D04,,Kingsbridge Rd,,40.866978,-73.893509,,,1,
748,D04N,,Kingsbridge Rd,,40.866978,-73.893509,,,0,D04
749,D04S,,Kingsbridge Rd,,40.866978,-73.893509,,,0,D04
750,D05,,Fordham Rd,,40.861296,-73.897749,,,1,
751,D05N,,Fordham Rd,,40.861296,-73.897749,,,0,D05
752,D05S,,Fordham Rd,,40.861296,-73.897749,,,0,D05
753,D06,,182-183 Sts,,40.856093,-73.900741,,,1,
754,D06N,,182-183 Sts,,40.856093,-73.900741,,,0,D06
755,D06S,,182-183 Sts,,40.856093,-73.900741,,,0,D06
756,D07,,Tremont Av,,40.85041,-73.905227,,,1,
757,D07N,,Tremont Av,,40.85041,-73.905227,,,0,D07
758,D07S,,Tremont Av,,40.85041,-73.905227,,,0,D07
759,D08,,174-175 Sts,,40.8459,-73.910136,,,1,
760,D08N,,174-175 Sts,,40.8459,-73.910136,,,0,D08
761,D08S,,174-175 Sts,,40.8459,-73.910136,,,0,D08
762,D09,,170 St,,40.839306,-73.9134,,,1,
763,D09N,,170 St,,40.839306,-73.9134,,,0,D09
764,D09S,,170 St,,40.839306,-73.9134,,,0,D09
765,D10,,167 St,,40.833771,-73.91844,,,1,
766,D10N,,167 St,,40.833771,-73.91844,,,0,D10
767,D10S,,167 St,,40.833771,-73.91844,,,0,D10
768,D11,,161 St - Yankee Stadium,,40.827905,-73.925651,,,1,
769,D11N,,161 St - Yankee Stadium,,40.827905,-73.925651,,,0,D11
770,D11S,,161 St - Yankee Stadium,,40.827905,-73.925651,,,0,D11
771,D12,,155 St,,40.830135,-73.938209,,,1,
772,D12N,,155 St,,40.830135,-73.938209,,,0,D12
773,D12S,,155 St,,40.830135,-73.938209,,,0,D12
774,D13,,145 St,,40.824783000000004,-73.944216,,,1,
775,D13N,,145 St,,40.824783000000004,-73.944216,,,0,D13
776,D13S,,145 St,,40.824783000000004,-73.944216,,,0,D13
777,D14,,7 Av,,40.762862,-73.981637,,,1,
778,D14N,,7 Av,,40.762862,-73.981637,,,0,D14
779,D14S,,7 Av,,40.762862,-73.981637,,,0,D14
780,D15,,47-50 Sts - Rockefeller Ctr,,40.758663,-73.981329,,,1,
781,D15N,,47-50 Sts - Rockefeller Ctr,,40.758663,-73.981329,,,0,D15
782,D15S,,47-50 Sts - Rockefeller Ctr,,40.758663,-73.981329,,,0,D15
783,D16,,42 St - Bryant Pk,,40.754222,-73.984569,,,1,
784,D16N,,42 St - Bryant Pk,,40.754222,-73.984569,,,0,D16
785,D16S,,42 St - Bryant Pk,,40.754222,-73.984569,,,0,D16
786,D17,,34 St - Herald Sq,,40.749719,-73.98782299999999,,,1,
787,D17N,,34 St - Herald Sq,,40.749719,-73.98782299999999,,,0,D17
788,D17S,,34 St - Herald Sq,,40.749719,-73.98782299999999,,,0,D17
789,D18,,23 St,,40.742878000000005,-73.99282099999999,,,1,
790,D18N,,23 St,,40.742878000000005,-73.99282099999999,,,0,D18
791,D18S,,23 St,,40.742878000000005,-73.99282099999999,,,0,D18
792,D19,,14 St,,40.738228,-73.996209,,,1,
793,D19N,,14 St,,40.738228,-73.996209,,,0,D19
794,D19S,,14 St,,40.738228,-73.996209,,,0,D19
795,D20,,W 4 St,,40.732338,-74.000495,,,1,
796,D20N,,W 4 St,,40.732338,-74.000495,,,0,D20
797,D20S,,W 4 St,,40.732338,-74.000495,,,0,D20
798,D21,,Broadway-Lafayette St,,40.725297,-73.996204,,,1,
799,D21N,,Broadway-Lafayette St,,40.725297,-73.996204,,,0,D21
800,D21S,,Broadway-Lafayette St,,40.725297,-73.996204,,,0,D21
801,D22,,Grand St,,40.718267,-73.993753,,,1,
802,D22N,,Grand St,,40.718267,-73.993753,,,0,D22
803,D22S,,Grand St,,40.718267,-73.993753,,,0,D22
804,D24,,Atlantic Av - Barclays Ctr,,40.684459999999994,-73.97689,,,1,
805,D24N,,Atlantic Av - Barclays Ctr,,40.684459999999994,-73.97689,,,0,D24
806,D24S,,Atlantic Av - Barclays Ctr,,40.684459999999994,-73.97689,,,0,D24
807,D25,,7 Av,,40.67705,-73.972367,,,1,
808,D25N,,7 Av,,40.67705,-73.972367,,,0,D25
809,D25S,,7 Av,,40.67705,-73.972367,,,0,D25
810,D26,,Prospect Park,,40.661614,-73.962246,,,1,
811,D26N,,Prospect Park,,40.661614,-73.962246,,,0,D26
812,D26S,,Prospect Park,,40.661614,-73.962246,,,0,D26
813,D27,,Parkside Av,,40.655291999999996,-73.961495,,,1,
814,D27N,,Parkside Av,,40.655291999999996,-73.961495,,,0,D27
815,D27S,,Parkside Av,,40.655291999999996,-73.961495,,,0,D27
816,D28,,Church Av,,40.650527000000004,-73.962982,,,1,
817,D28N,,Church Av,,40.650527000000004,-73.962982,,,0,D28
818,D28S,,Church Av,,40.650527000000004,-73.962982,,,0,D28
819,D29,,Beverley Rd,,40.644031,-73.964492,,,1,
820,D29N,,Beverley Rd,,40.644031,-73.964492,,,0,D29
821,D29S,,Beverley Rd,,40.644031,-73.964492,,,0,D29
822,D30,,Cortelyou Rd,,40.640927000000005,-73.963891,,,1,
823,D30N,,Cortelyou Rd,,40.640927000000005,-73.963891,,,0,D30
824,D30S,,Cortelyou Rd,,40.640927000000005,-73.963891,,,0,D30
825,D31,,Newkirk Plaza,,40.635082000000004,-73.962793,,,1,
826,D31N,,Newkirk Plaza,,40.635082000000004,-73.962793,,,0,D31
827,D31S,,Newkirk Plaza,,40.635082000000004,-73.962793,,,0,D31
828,D32,,Avenue H,,40.62927,-73.961639,,,1,
829,D32N,,Avenue H,,40.62927,-73.961639,,,0,D32
830,D32S,,Avenue H,,40.62927,-73.961639,,,0,D32
831,D33,,Avenue J,,40.625039,-73.960803,,,1,
832,D33N,,Avenue J,,40.625039,-73.960803,,,0,D33
833,D33S,,Avenue J,,40.625039,-73.960803,,,0,D33
834,D34,,Avenue M,,40.617618,-73.959399,,,1,
835,D34N,,Avenue M,,40.617618,-73.959399,,,0,D34
836,D34S,,Avenue M,,40.617618,-73.959399,,,0,D34
837,D35,,Kings Hwy,,40.608670000000004,-73.957734,,,1,
838,D35N,,Kings Hwy,,40.608670000000004,-73.957734,,,0,D35
839,D35S,,Kings Hwy,,40.608670000000004,-73.957734,,,0,D35
840,D37,,Avenue U,,40.5993,-73.955929,,,1,
841,D37N,,Avenue U,,40.5993,-73.955929,,,0,D37
842,D37S,,Avenue U,,40.5993,-73.955929,,,0,D37
843,D38,,Neck Rd,,40.595246,-73.955161,,,1,
844,D38N,,Neck Rd,,40.595246,-73.955161,,,0,D38
845,D38S,,Neck Rd,,40.595246,-73.955161,,,0,D38
846,D39,,Sheepshead Bay,,40.586896,-73.954155,,,1,
847,D39N,,Sheepshead Bay,,40.586896,-73.954155,,,0,D39
848,D39S,,Sheepshead Bay,,40.586896,-73.954155,,,0,D39
849,D40,,Brighton Beach,,40.577621,-73.961376,,,1,
850,D40N,,Brighton Beach,,40.577621,-73.961376,,,0,D40
851,D40S,,Brighton Beach,,40.577621,-73.961376,,,0,D40
852,D41,,Ocean Pkwy,,40.576312,-73.968501,,,1,
853,D41N,,Ocean Pkwy,,40.576312,-73.968501,,,0,D41
854,D41S,,Ocean Pkwy,,40.576312,-73.968501,,,0,D41
855,D42,,W 8 St - NY Aquarium,,40.576127,-73.975939,,,1,
856,D42N,,W 8 St - NY Aquarium,,40.576127,-73.975939,,,0,D42
857,D42S,,W 8 St - NY Aquarium,,40.576127,-73.975939,,,0,D42
858,D43,,Coney Island - Stillwell Av,,40.577422,-73.98123299999999,,,1,
859,D43N,,Coney Island - Stillwell Av,,40.577422,-73.98123299999999,,,0,D43
860,D43S,,Coney Island - Stillwell Av,,40.577422,-73.98123299999999,,,0,D43
861,E01,,World Trade Center,,40.712582,-74.009781,,,1,
862,E01N,,World Trade Center,,40.712582,-74.009781,,,0,E01
863,E01S,,World Trade Center,,40.712582,-74.009781,,,0,E01
864,F01,,Jamaica - 179 St,,40.712646,-73.783817,,,1,
865,F01N,,Jamaica - 179 St,,40.712646,-73.783817,,,0,F01
866,F01S,,Jamaica - 179 St,,40.712646,-73.783817,,,0,F01
867,F02,,169 St,,40.71047,-73.793604,,,1,
868,F02N,,169 St,,40.71047,-73.793604,,,0,F02
869,F02S,,169 St,,40.71047,-73.793604,,,0,F02
870,F03,,Parsons Blvd,,40.707564,-73.803326,,,1,
871,F03N,,Parsons Blvd,,40.707564,-73.803326,,,0,F03
872,F03S,,Parsons Blvd,,40.707564,-73.803326,,,0,F03
873,F04,,Sutphin Blvd,,40.705459999999995,-73.81070799999999,,,1,
874,F04N,,Sutphin Blvd,,40.705459999999995,-73.81070799999999,,,0,F04
875,F04S,,Sutphin Blvd,,40.705459999999995,-73.81070799999999,,,0,F04
876,F05,,Briarwood - Van Wyck Blvd,,40.709179,-73.820574,,,1,
877,F05N,,Briarwood - Van Wyck Blvd,,40.709179,-73.820574,,,0,F05
878,F05S,,Briarwood - Van Wyck Blvd,,40.709179,-73.820574,,,0,F05
879,F06,,Kew Gardens - Union Tpke,,40.714441,-73.831008,,,1,
880,F06N,,Kew Gardens - Union Tpke,,40.714441,-73.831008,,,0,F06
881,F06S,,Kew Gardens - Union Tpke,,40.714441,-73.831008,,,0,F06
882,F07,,75 Av,,40.718331,-73.837324,,,1,
883,F07N,,75 Av,,40.718331,-73.837324,,,0,F07
884,F07S,,75 Av,,40.718331,-73.837324,,,0,F07
885,F09,,Court Sq,,40.747846,-73.946,,,1,
886,F09N,,Court Sq,,40.747846,-73.946,,,0,F09
887,F09S,,Court Sq,,40.747846,-73.946,,,0,F09
888,F11,,Lexington Av/53 St,,40.757552000000004,-73.96905500000001,,,1,
889,F11N,,Lexington Av/53 St,,40.757552000000004,-73.96905500000001,,,0,F11
890,F11S,,Lexington Av/53 St,,40.757552000000004,-73.96905500000001,,,0,F11
891,F12,,5 Av/53 St,,40.760166999999996,-73.975224,,,1,
892,F12N,,5 Av/53 St,,40.760166999999996,-73.975224,,,0,F12
893,F12S,,5 Av/53 St,,40.760166999999996,-73.975224,,,0,F12
894,F14,,2 Av,,40.723402,-73.989938,,,1,
895,F14N,,2 Av,,40.723402,-73.989938,,,0,F14
896,F14S,,2 Av,,40.723402,-73.989938,,,0,F14
897,F15,,Delancey St,,40.718610999999996,-73.988114,,,1,
898,F15N,,Delancey St,,40.718610999999996,-73.988114,,,0,F15
899,F15S,,Delancey St,,40.718610999999996,-73.988114,,,0,F15
900,F16,,East Broadway,,40.713715,-73.990173,,,1,
901,F16N,,East Broadway,,40.713715,-73.990173,,,0,F16
902,F16S,,East Broadway,,40.713715,-73.990173,,,0,F16
903,F18,,York St,,40.701397,-73.986751,,,1,
904,F18N,,York St,,40.701397,-73.986751,,,0,F18
905,F18S,,York St,,40.701397,-73.986751,,,0,F18
906,F20,,Bergen St,,40.686145,-73.99086199999999,,,1,
907,F20N,,Bergen St,,40.686145,-73.99086199999999,,,0,F20
908,F20S,,Bergen St,,40.686145,-73.99086199999999,,,0,F20
909,F21,,Carroll St,,40.680303,-73.995048,,,1,
910,F21N,,Carroll St,,40.680303,-73.995048,,,0,F21
911,F21S,,Carroll St,,40.680303,-73.995048,,,0,F21
912,F22,,Smith - 9 Sts,,40.67358,-73.995959,,,1,
913,F22N,,Smith - 9 Sts,,40.67358,-73.995959,,,0,F22
914,F22S,,Smith - 9 Sts,,40.67358,-73.995959,,,0,F22
915,F23,,4 Av,,40.670272,-73.989779,,,1,
916,F23N,,4 Av,,40.670272,-73.989779,,,0,F23
917,F23S,,4 Av,,40.670272,-73.989779,,,0,F23
918,F24,,7 Av,,40.666271,-73.980305,,,1,
919,F24N,,7 Av,,40.666271,-73.980305,,,0,F24
920,F24S,,7 Av,,40.666271,-73.980305,,,0,F24
921,F25,,15 St - Prospect Park,,40.660365000000006,-73.979493,,,1,
922,F25N,,15 St - Prospect Park,,40.660365000000006,-73.979493,,,0,F25
923,F25S,,15 St - Prospect Park,,40.660365000000006,-73.979493,,,0,F25
924,F26,,Fort Hamilton Pkwy,,40.650782,-73.975776,,,1,
925,F26N,,Fort Hamilton Pkwy,,40.650782,-73.975776,,,0,F26
926,F26S,,Fort Hamilton Pkwy,,40.650782,-73.975776,,,0,F26
927,F27,,Church Av,,40.644040999999994,-73.979678,,,1,
928,F27N,,Church Av,,40.644040999999994,-73.979678,,,0,F27
929,F27S,,Church Av,,40.644040999999994,-73.979678,,,0,F27
930,F29,,Ditmas Av,,40.636119,-73.978172,,,1,
931,F29N,,Ditmas Av,,40.636119,-73.978172,,,0,F29
932,F29S,,Ditmas Av,,40.636119,-73.978172,,,0,F29
933,F30,,18 Av,,40.629754999999996,-73.97697099999999,,,1,
934,F30N,,18 Av,,40.629754999999996,-73.97697099999999,,,0,F30
935,F30S,,18 Av,,40.629754999999996,-73.97697099999999,,,0,F30
936,F31,,Avenue I,,40.625322,-73.976127,,,1,
937,F31N,,Avenue I,,40.625322,-73.976127,,,0,F31
938,F31S,,Avenue I,,40.625322,-73.976127,,,0,F31
939,F32,,Bay Pkwy,,40.620769,-73.975264,,,1,
940,F32N,,Bay Pkwy,,40.620769,-73.975264,,,0,F32
941,F32S,,Bay Pkwy,,40.620769,-73.975264,,,0,F32
942,F33,,Avenue N,,40.615140000000004,-73.974197,,,1,
943,F33N,,Avenue N,,40.615140000000004,-73.974197,,,0,F33
944,F33S,,Avenue N,,40.615140000000004,-73.974197,,,0,F33
945,F34,,Avenue P,,40.608944,-73.973022,,,1,
946,F34N,,Avenue P,,40.608944,-73.973022,,,0,F34
947,F34S,,Avenue P,,40.608944,-73.973022,,,0,F34
948,F35,,Kings Hwy,,40.603217,-73.97236099999999,,,1,
949,F35N,,Kings Hwy,,40.603217,-73.97236099999999,,,0,F35
950,F35S,,Kings Hwy,,40.603217,-73.97236099999999,,,0,F35
951,F36,,Avenue U,,40.596063,-73.973357,,,1,
952,F36N,,Avenue U,,40.596063,-73.973357,,,0,F36
953,F36S,,Avenue U,,40.596063,-73.973357,,,0,F36
954,F38,,Avenue X,,40.589620000000004,-73.97425,,,1,
955,F38N,,Avenue X,,40.589620000000004,-73.97425,,,0,F38
956,F38S,,Avenue X,,40.589620000000004,-73.97425,,,0,F38
957,F39,,Neptune Av,,40.581011,-73.974574,,,1,
958,F39N,,Neptune Av,,40.581011,-73.974574,,,0,F39
959,F39S,,Neptune Av,,40.581011,-73.974574,,,0,F39
960,G05,,Jamaica Center - Parsons/Archer,,40.702147,-73.801109,,,1,
961,G05N,,Jamaica Center - Parsons/Archer,,40.702147,-73.801109,,,0,G05
962,G05S,,Jamaica Center - Parsons/Archer,,40.702147,-73.801109,,,0,G05
963,G06,,Sutphin Blvd - Archer Av - JFK Airport,,40.700486,-73.807969,,,1,
964,G06N,,Sutphin Blvd - Archer Av - JFK Airport,,40.700486,-73.807969,,,0,G06
965,G06S,,Sutphin Blvd - Archer Av - JFK Airport,,40.700486,-73.807969,,,0,G06
966,G07,,Jamaica - Van Wyck,,40.702566,-73.816859,,,1,
967,G07N,,Jamaica - Van Wyck,,40.702566,-73.816859,,,0,G07
968,G07S,,Jamaica - Van Wyck,,40.702566,-73.816859,,,0,G07
969,G08,,Forest Hills - 71 Av,,40.721691,-73.844521,,,1,
970,G08N,,Forest Hills - 71 Av,,40.721691,-73.844521,,,0,G08
971,G08S,,Forest Hills - 71 Av,,40.721691,-73.844521,,,0,G08
972,G09,,67 Av,,40.726523,-73.852719,,,1,
973,G09N,,67 Av,,40.726523,-73.852719,,,0,G09
974,G09S,,67 Av,,40.726523,-73.852719,,,0,G09
975,G10,,63 Dr - Rego Park,,40.729846,-73.861604,,,1,
976,G10N,,63 Dr - Rego Park,,40.729846,-73.861604,,,0,G10
977,G10S,,63 Dr - Rego Park,,40.729846,-73.861604,,,0,G10
978,G11,,Woodhaven Blvd,,40.733106,-73.869229,,,1,
979,G11N,,Woodhaven Blvd,,40.733106,-73.869229,,,0,G11
980,G11S,,Woodhaven Blvd,,40.733106,-73.869229,,,0,G11
981,G12,,Grand Av - Newtown,,40.737015,-73.877223,,,1,
982,G12N,,Grand Av - Newtown,,40.737015,-73.877223,,,0,G12
983,G12S,,Grand Av - Newtown,,40.737015,-73.877223,,,0,G12
984,G13,,Elmhurst Av,,40.742453999999995,-73.882017,,,1,
985,G13N,,Elmhurst Av,,40.742453999999995,-73.882017,,,0,G13
986,G13S,,Elmhurst Av,,40.742453999999995,-73.882017,,,0,G13
987,G14,,Jackson Hts - Roosevelt Av,,40.746644,-73.891338,,,1,
988,G14N,,Jackson Hts - Roosevelt Av,,40.746644,-73.891338,,,0,G14
989,G14S,,Jackson Hts - Roosevelt Av,,40.746644,-73.891338,,,0,G14
990,G15,,65 St,,40.749669,-73.898453,,,1,
991,G15N,,65 St,,40.749669,-73.898453,,,0,G15
992,G15S,,65 St,,40.749669,-73.898453,,,0,G15
993,G16,,Northern Blvd,,40.752885,-73.906006,,,1,
994,G16N,,Northern Blvd,,40.752885,-73.906006,,,0,G16
995,G16S,,Northern Blvd,,40.752885,-73.906006,,,0,G16
996,G18,,46 St,,40.756312,-73.913333,,,1,
997,G18N,,46 St,,40.756312,-73.913333,,,0,G18
998,G18S,,46 St,,40.756312,-73.913333,,,0,G18
999,G19,,Steinway St,,40.756879,-73.92074000000001,,,1,
1000,G19N,,Steinway St,,40.756879,-73.92074000000001,,,0,G19
1001,G19S,,Steinway St,,40.756879,-73.92074000000001,,,0,G19
1002,G20,,36 St,,40.752039,-73.928781,,,1,
1003,G20N,,36 St,,40.752039,-73.928781,,,0,G20
1004,G20S,,36 St,,40.752039,-73.928781,,,0,G20
1005,G21,,Queens Plaza,,40.748973,-73.93724300000001,,,1,
1006,G21N,,Queens Plaza,,40.748973,-73.93724300000001,,,0,G21
1007,G21S,,Queens Plaza,,40.748973,-73.93724300000001,,,0,G21
1008,G22,,Court Sq,,40.746553999999996,-73.943832,,,1,
1009,G22N,,Court Sq,,40.746553999999996,-73.943832,,,0,G22
1010,G22S,,Court Sq,,40.746553999999996,-73.943832,,,0,G22
1011,G24,,21 St,,40.744065,-73.949724,,,1,
1012,G24N,,21 St,,40.744065,-73.949724,,,0,G24
1013,G24S,,21 St,,40.744065,-73.949724,,,0,G24
1014,G26,,Greenpoint Av,,40.731352,-73.954449,,,1,
1015,G26N,,Greenpoint Av,,40.731352,-73.954449,,,0,G26
1016,G26S,,Greenpoint Av,,40.731352,-73.954449,,,0,G26
1017,G28,,Nassau Av,,40.724635,-73.951277,,,1,
1018,G28N,,Nassau Av,,40.724635,-73.951277,,,0,G28
1019,G28S,,Nassau Av,,40.724635,-73.951277,,,0,G28
1020,G29,,Metropolitan Av,,40.712792,-73.951418,,,1,
1021,G29N,,Metropolitan Av,,40.712792,-73.951418,,,0,G29
1022,G29S,,Metropolitan Av,,40.712792,-73.951418,,,0,G29
1023,G30,,Broadway,,40.706092,-73.95030799999999,,,1,
1024,G30N,,Broadway,,40.706092,-73.95030799999999,,,0,G30
1025,G30S,,Broadway,,40.706092,-73.95030799999999,,,0,G30
1026,G31,,Flushing Av,,40.700377,-73.950234,,,1,
1027,G31N,,Flushing Av,,40.700377,-73.950234,,,0,G31
1028,G31S,,Flushing Av,,40.700377,-73.950234,,,0,G31
1029,G32,,Myrtle - Willoughby Avs,,40.694568,-73.949046,,,1,
1030,G32N,,Myrtle - Willoughby Avs,,40.694568,-73.949046,,,0,G32
1031,G32S,,Myrtle - Willoughby Avs,,40.694568,-73.949046,,,0,G32
1032,G33,,Bedford - Nostrand Avs,,40.689627,-73.95352199999999,,,1,
1033,G33N,,Bedford - Nostrand Avs,,40.689627,-73.95352199999999,,,0,G33
1034,G33S,,Bedford - Nostrand Avs,,40.689627,-73.95352199999999,,,0,G33
1035,G34,,Classon Av,,40.688873,-73.96007,,,1,
1036,G34N,,Classon Av,,40.688873,-73.96007,,,0,G34
1037,G34S,,Classon Av,,40.688873,-73.96007,,,0,G34
1038,G35,,Clinton - Washington Avs,,40.688089,-73.96683900000001,,,1,
1039,G35N,,Clinton - Washington Avs,,40.688089,-73.96683900000001,,,0,G35
1040,G35S,,Clinton - Washington Avs,,40.688089,-73.96683900000001,,,0,G35
1041,G36,,Fulton St,,40.687119,-73.975375,,,1,
1042,G36N,,Fulton St,,40.687119,-73.975375,,,0,G36
1043,G36S,,Fulton St,,40.687119,-73.975375,,,0,G36
1044,H01,,Aqueduct Racetrack,,40.668234000000005,-73.834058,,,1,
1045,H01N,,Aqueduct Racetrack,,40.668234000000005,-73.834058,,,0,H01
1046,H01S,,Aqueduct Racetrack,,40.668234000000005,-73.834058,,,0,H01
1047,H02,,Aqueduct - N Conduit Av,,40.668234000000005,-73.834058,,,1,
1048,H02N,,Aqueduct - N Conduit Av,,40.668234000000005,-73.834058,,,0,H02
1049,H02S,,Aqueduct - N Conduit Av,,40.668234000000005,-73.834058,,,0,H02
1050,H03,,Howard Beach - JFK Airport,,40.660476,-73.830301,,,1,
1051,H03N,,Howard Beach - JFK Airport,,40.660476,-73.830301,,,0,H03
1052,H03S,,Howard Beach - JFK Airport,,40.660476,-73.830301,,,0,H03
1053,H04,,Broad Channel,,40.608382,-73.815925,,,1,
1054,H04N,,Broad Channel,,40.608382,-73.815925,,,0,H04
1055,H04S,,Broad Channel,,40.608382,-73.815925,,,0,H04
1056,H06,,Beach 67 St,,40.590927,-73.796924,,,1,
1057,H06N,,Beach 67 St,,40.590927,-73.796924,,,0,H06
1058,H06S,,Beach 67 St,,40.590927,-73.796924,,,0,H06
1059,H07,,Beach 60 St,,40.592374,-73.788522,,,1,
1060,H07N,,Beach 60 St,,40.592374,-73.788522,,,0,H07
1061,H07S,,Beach 60 St,,40.592374,-73.788522,,,0,H07
1062,H08,,Beach 44 St,,40.592943,-73.776013,,,1,
1063,H08N,,Beach 44 St,,40.592943,-73.776013,,,0,H08
1064,H08S,,Beach 44 St,,40.592943,-73.776013,,,0,H08
1065,H09,,Beach 36 St,,40.595397999999996,-73.768175,,,1,
1066,H09N,,Beach 36 St,,40.595397999999996,-73.768175,,,0,H09
1067,H09S,,Beach 36 St,,40.595397999999996,-73.768175,,,0,H09
1068,H10,,Beach 25 St,,40.600066,-73.761353,,,1,
1069,H10N,,Beach 25 St,,40.600066,-73.761353,,,0,H10
1070,H10S,,Beach 25 St,,40.600066,-73.761353,,,0,H10
1071,H11,,Far Rockaway - Mott Av,,40.603995,-73.75540500000001,,,1,
1072,H11N,,Far Rockaway - Mott Av,,40.603995,-73.75540500000001,,,0,H11
1073,H11S,,Far Rockaway - Mott Av,,40.603995,-73.75540500000001,,,0,H11
1074,H12,,Beach 90 St,,40.588034,-73.813641,,,1,
1075,H12N,,Beach 90 St,,40.588034,-73.813641,,,0,H12
1076,H12S,,Beach 90 St,,40.588034,-73.813641,,,0,H12
1077,H13,,Beach 98 St,,40.585307,-73.82055799999999,,,1,
1078,H13N,,Beach 98 St,,40.585307,-73.82055799999999,,,0,H13
1079,H13S,,Beach 98 St,,40.585307,-73.82055799999999,,,0,H13
1080,H14,,Beach 105 St,,40.583209000000004,-73.827559,,,1,
1081,H14N,,Beach 105 St,,40.583209000000004,-73.827559,,,0,H14
1082,H14S,,Beach 105 St,,40.583209000000004,-73.827559,,,0,H14
1083,H15,,Rockaway Park - Beach 116 St,,40.580903,-73.835592,,,1,
1084,H15N,,Rockaway Park - Beach 116 St,,40.580903,-73.835592,,,0,H15
1085,H15S,,Rockaway Park - Beach 116 St,,40.580903,-73.835592,,,0,H15
1086,H19,,Broad Channel,,40.609014,-73.816024,,,1,
1087,H19N,,Broad Channel,,40.609014,-73.816024,,,0,H19
1088,H19S,,Broad Channel,,40.609014,-73.816024,,,0,H19
1089,J12,,121 St,,40.700492,-73.828294,,,1,
1090,J12N,,121 St,,40.700492,-73.828294,,,0,J12
1091,J12S,,121 St,,40.700492,-73.828294,,,0,J12
1092,J13,,111 St,,40.697418,-73.836345,,,1,
1093,J13N,,111 St,,40.697418,-73.836345,,,0,J13
1094,J13S,,111 St,,40.697418,-73.836345,,,0,J13
1095,J14,,104 St,,40.695178000000006,-73.84433,,,1,
1096,J14N,,104 St,,40.695178000000006,-73.84433,,,0,J14
1097,J14S,,104 St,,40.695178000000006,-73.84433,,,0,J14
1098,J15,,Woodhaven Blvd,,40.693878999999995,-73.851576,,,1,
1099,J15N,,Woodhaven Blvd,,40.693878999999995,-73.851576,,,0,J15
1100,J15S,,Woodhaven Blvd,,40.693878999999995,-73.851576,,,0,J15
1101,J16,,85 St - Forest Pkwy,,40.692434999999996,-73.86001,,,1,
1102,J16N,,85 St - Forest Pkwy,,40.692434999999996,-73.86001,,,0,J16
1103,J16S,,85 St - Forest Pkwy,,40.692434999999996,-73.86001,,,0,J16
1104,J17,,75 St,,40.691324,-73.867139,,,1,
1105,J17N,,75 St,,40.691324,-73.867139,,,0,J17
1106,J17S,,75 St,,40.691324,-73.867139,,,0,J17
1107,J19,,Cypress Hills,,40.689941,-73.87255,,,1,
1108,J19N,,Cypress Hills,,40.689941,-73.87255,,,0,J19
1109,J19S,,Cypress Hills,,40.689941,-73.87255,,,0,J19
1110,J20,,Crescent St,,40.683194,-73.873785,,,1,
1111,J20N,,Crescent St,,40.683194,-73.873785,,,0,J20
1112,J20S,,Crescent St,,40.683194,-73.873785,,,0,J20
1113,J21,,Norwood Av,,40.68141,-73.880039,,,1,
1114,J21N,,Norwood Av,,40.68141,-73.880039,,,0,J21
1115,J21S,,Norwood Av,,40.68141,-73.880039,,,0,J21
1116,J22,,Cleveland St,,40.679947,-73.884639,,,1,
1117,J22N,,Cleveland St,,40.679947,-73.884639,,,0,J22
1118,J22S,,Cleveland St,,40.679947,-73.884639,,,0,J22
1119,J23,,Van Siclen Av,,40.678024,-73.891688,,,1,
1120,J23N,,Van Siclen Av,,40.678024,-73.891688,,,0,J23
1121,J23S,,Van Siclen Av,,40.678024,-73.891688,,,0,J23
1122,J24,,Alabama Av,,40.676992,-73.89865400000001,,,1,
1123,J24N,,Alabama Av,,40.676992,-73.89865400000001,,,0,J24
1124,J24S,,Alabama Av,,40.676992,-73.89865400000001,,,0,J24
1125,J27,,Broadway Jct,,40.679497999999995,-73.904512,,,1,
1126,J27N,,Broadway Jct,,40.679497999999995,-73.904512,,,0,J27
1127,J27S,,Broadway Jct,,40.679497999999995,-73.904512,,,0,J27
1128,J28,,Chauncey St,,40.682893,-73.91045600000001,,,1,
1129,J28N,,Chauncey St,,40.682893,-73.91045600000001,,,0,J28
1130,J28S,,Chauncey St,,40.682893,-73.91045600000001,,,0,J28
1131,J29,,Halsey St,,40.686370000000004,-73.91655899999999,,,1,
1132,J29N,,Halsey St,,40.686370000000004,-73.91655899999999,,,0,J29
1133,J29S,,Halsey St,,40.686370000000004,-73.91655899999999,,,0,J29
1134,J30,,Gates Av,,40.68963,-73.92227,,,1,
1135,J30N,,Gates Av,,40.68963,-73.92227,,,0,J30
1136,J30S,,Gates Av,,40.68963,-73.92227,,,0,J30
1137,J31,,Kosciuszko St,,40.693342,-73.928814,,,1,
1138,J31N,,Kosciuszko St,,40.693342,-73.928814,,,0,J31
1139,J31S,,Kosciuszko St,,40.693342,-73.928814,,,0,J31
1140,L01,,8 Av,,40.739777000000004,-74.002578,,,1,
1141,L01N,,8 Av,,40.739777000000004,-74.002578,,,0,L01
1142,L01S,,8 Av,,40.739777000000004,-74.002578,,,0,L01
1143,L02,,6 Av,,40.737334999999995,-73.996786,,,1,
1144,L02N,,6 Av,,40.737334999999995,-73.996786,,,0,L02
1145,L02S,,6 Av,,40.737334999999995,-73.996786,,,0,L02
1146,L03,,Union Sq - 14 St,,40.734789,-73.99073,,,1,
1147,L03N,,Union Sq - 14 St,,40.734789,-73.99073,,,0,L03
1148,L03S,,Union Sq - 14 St,,40.734789,-73.99073,,,0,L03
1149,L05,,3 Av,,40.732849,-73.986122,,,1,
1150,L05N,,3 Av,,40.732849,-73.986122,,,0,L05
1151,L05S,,3 Av,,40.732849,-73.986122,,,0,L05
1152,L06,,1 Av,,40.730953,-73.981628,,,1,
1153,L06N,,1 Av,,40.730953,-73.981628,,,0,L06
1154,L06S,,1 Av,,40.730953,-73.981628,,,0,L06
1155,L08,,Bedford Av,,40.717304,-73.956872,,,1,
1156,L08N,,Bedford Av,,40.717304,-73.956872,,,0,L08
1157,L08S,,Bedford Av,,40.717304,-73.956872,,,0,L08
1158,L10,,Lorimer St,,40.714063,-73.950275,,,1,
1159,L10N,,Lorimer St,,40.714063,-73.950275,,,0,L10
1160,L10S,,Lorimer St,,40.714063,-73.950275,,,0,L10
1161,L11,,Graham Av,,40.714565,-73.944053,,,1,
1162,L11N,,Graham Av,,40.714565,-73.944053,,,0,L11
1163,L11S,,Graham Av,,40.714565,-73.944053,,,0,L11
1164,L12,,Grand St,,40.711926,-73.94067,,,1,
1165,L12N,,Grand St,,40.711926,-73.94067,,,0,L12
1166,L12S,,Grand St,,40.711926,-73.94067,,,0,L12
1167,L13,,Montrose Av,,40.707739000000004,-73.93985,,,1,
1168,L13N,,Montrose Av,,40.707739000000004,-73.93985,,,0,L13
1169,L13S,,Montrose Av,,40.707739000000004,-73.93985,,,0,L13
1170,L14,,Morgan Av,,40.706152,-73.93314699999999,,,1,
1171,L14N,,Morgan Av,,40.706152,-73.93314699999999,,,0,L14
1172,L14S,,Morgan Av,,40.706152,-73.93314699999999,,,0,L14
1173,L15,,Jefferson St,,40.706607,-73.922913,,,1,
1174,L15N,,Jefferson St,,40.706607,-73.922913,,,0,L15
1175,L15S,,Jefferson St,,40.706607,-73.922913,,,0,L15
1176,L16,,DeKalb Av,,40.703811,-73.918425,,,1,
1177,L16N,,DeKalb Av,,40.703811,-73.918425,,,0,L16
1178,L16S,,DeKalb Av,,40.703811,-73.918425,,,0,L16
1179,L17,,Myrtle - Wyckoff Avs,,40.699814,-73.911586,,,1,
1180,L17N,,Myrtle - Wyckoff Avs,,40.699814,-73.911586,,,0,L17
1181,L17S,,Myrtle - Wyckoff Avs,,40.699814,-73.911586,,,0,L17
1182,L19,,Halsey St,,40.695602,-73.904084,,,1,
1183,L19N,,Halsey St,,40.695602,-73.904084,,,0,L19
1184,L19S,,Halsey St,,40.695602,-73.904084,,,0,L19
1185,L20,,Wilson Av,,40.688764,-73.904046,,,1,
1186,L20N,,Wilson Av,,40.688764,-73.904046,,,0,L20
1187,L20S,,Wilson Av,,40.688764,-73.904046,,,0,L20
1188,L21,,Bushwick Av - Aberdeen St,,40.682829,-73.905249,,,1,
1189,L21N,,Bushwick Av - Aberdeen St,,40.682829,-73.905249,,,0,L21
1190,L21S,,Bushwick Av - Aberdeen St,,40.682829,-73.905249,,,0,L21
1191,L22,,Broadway Jct,,40.678856,-73.90324,,,1,
1192,L22N,,Broadway Jct,,40.678856,-73.90324,,,0,L22
1193,L22S,,Broadway Jct,,40.678856,-73.90324,,,0,L22
1194,L24,,Atlantic Av,,40.675345,-73.903097,,,1,
1195,L24N,,Atlantic Av,,40.675345,-73.903097,,,0,L24
1196,L24S,,Atlantic Av,,40.675345,-73.903097,,,0,L24
1197,L25,,Sutter Av,,40.669367,-73.901975,,,1,
1198,L25N,,Sutter Av,,40.669367,-73.901975,,,0,L25
1199,L25S,,Sutter Av,,40.669367,-73.901975,,,0,L25
1200,L26,,Livonia Av,,40.664038,-73.900571,,,1,
1201,L26N,,Livonia Av,,40.664038,-73.900571,,,0,L26
1202,L26S,,Livonia Av,,40.664038,-73.900571,,,0,L26
1203,L27,,New Lots Av,,40.658733000000005,-73.899232,,,1,
1204,L27N,,New Lots Av,,40.658733000000005,-73.899232,,,0,L27
1205,L27S,,New Lots Av,,40.658733000000005,-73.899232,,,0,L27
1206,L28,,E 105 St,,40.650573,-73.899485,,,1,
1207,L28N,,E 105 St,,40.650573,-73.899485,,,0,L28
1208,L28S,,E 105 St,,40.650573,-73.899485,,,0,L28
1209,L29,,Canarsie - Rockaway Pkwy,,40.646654,-73.90185,,,1,
1210,L29N,,Canarsie - Rockaway Pkwy,,40.646654,-73.90185,,,0,L29
1211,L29S,,Canarsie - Rockaway Pkwy,,40.646654,-73.90185,,,0,L29
1212,M01,,Middle Village - Metropolitan Av,,40.711396,-73.889601,,,1,
1213,M01N,,Middle Village - Metropolitan Av,,40.711396,-73.889601,,,0,M01
1214,M01S,,Middle Village - Metropolitan Av,,40.711396,-73.889601,,,0,M01
1215,M04,,Fresh Pond Rd,,40.706185999999995,-73.895877,,,1,
1216,M04N,,Fresh Pond Rd,,40.706185999999995,-73.895877,,,0,M04
1217,M04S,,Fresh Pond Rd,,40.706185999999995,-73.895877,,,0,M04
1218,M05,,Forest Av,,40.704423,-73.903077,,,1,
1219,M05N,,Forest Av,,40.704423,-73.903077,,,0,M05
1220,M05S,,Forest Av,,40.704423,-73.903077,,,0,M05
1221,M06,,Seneca Av,,40.702762,-73.90774,,,1,
1222,M06N,,Seneca Av,,40.702762,-73.90774,,,0,M06
1223,M06S,,Seneca Av,,40.702762,-73.90774,,,0,M06
1224,M08,,Myrtle - Wyckoff Avs,,40.69943,-73.912385,,,1,
1225,M08N,,Myrtle - Wyckoff Avs,,40.69943,-73.912385,,,0,M08
1226,M08S,,Myrtle - Wyckoff Avs,,40.69943,-73.912385,,,0,M08
1227,M09,,Knickerbocker Av,,40.698664,-73.91971099999999,,,1,
1228,M09N,,Knickerbocker Av,,40.698664,-73.91971099999999,,,0,M09
1229,M09S,,Knickerbocker Av,,40.698664,-73.91971099999999,,,0,M09
1230,M10,,Central Av,,40.697857,-73.927397,,,1,
1231,M10N,,Central Av,,40.697857,-73.927397,,,0,M10
1232,M10S,,Central Av,,40.697857,-73.927397,,,0,M10
1233,M11,,Myrtle Av,,40.697207,-73.93565699999999,,,1,
1234,M11N,,Myrtle Av,,40.697207,-73.93565699999999,,,0,M11
1235,M11S,,Myrtle Av,,40.697207,-73.93565699999999,,,0,M11
1236,M12,,Flushing Av,,40.70026,-73.941126,,,1,
1237,M12N,,Flushing Av,,40.70026,-73.941126,,,0,M12
1238,M12S,,Flushing Av,,40.70026,-73.941126,,,0,M12
1239,M13,,Lorimer St,,40.703869,-73.947408,,,1,
1240,M13N,,Lorimer St,,40.703869,-73.947408,,,0,M13
1241,M13S,,Lorimer St,,40.703869,-73.947408,,,0,M13
1242,M14,,Hewes St,,40.70687,-73.95343100000001,,,1,
1243,M14N,,Hewes St,,40.70687,-73.95343100000001,,,0,M14
1244,M14S,,Hewes St,,40.70687,-73.95343100000001,,,0,M14
1245,M16,,Marcy Av,,40.708359,-73.957757,,,1,
1246,M16N,,Marcy Av,,40.708359,-73.957757,,,0,M16
1247,M16S,,Marcy Av,,40.708359,-73.957757,,,0,M16
1248,M18,,Essex St,,40.718315000000004,-73.987437,,,1,
1249,M18N,,Essex St,,40.718315000000004,-73.987437,,,0,M18
1250,M18S,,Essex St,,40.718315000000004,-73.987437,,,0,M18
1251,M19,,Bowery,,40.720279999999995,-73.993915,,,1,
1252,M19N,,Bowery,,40.720279999999995,-73.993915,,,0,M19
1253,M19S,,Bowery,,40.720279999999995,-73.993915,,,0,M19
1254,M20,,Canal St,,40.718092,-73.999892,,,1,
1255,M20N,,Canal St,,40.718092,-73.999892,,,0,M20
1256,M20S,,Canal St,,40.718092,-73.999892,,,0,M20
1257,M21,,Chambers St,,40.713243,-74.003401,,,1,
1258,M21N,,Chambers St,,40.713243,-74.003401,,,0,M21
1259,M21S,,Chambers St,,40.713243,-74.003401,,,0,M21
1260,M22,,Fulton St,,40.710374,-74.007582,,,1,
1261,M22N,,Fulton St,,40.710374,-74.007582,,,0,M22
1262,M22S,,Fulton St,,40.710374,-74.007582,,,0,M22
1263,M23,,Broad St,,40.706476,-74.01105600000001,,,1,
1264,M23N,,Broad St,,40.706476,-74.01105600000001,,,0,M23
1265,M23S,,Broad St,,40.706476,-74.01105600000001,,,0,M23
1266,N02,,8 Av,,40.635064,-74.011719,,,1,
1267,N02N,,8 Av,,40.635064,-74.011719,,,0,N02
1268,N02S,,8 Av,,40.635064,-74.011719,,,0,N02
1269,N03,,Fort Hamilton Pkwy,,40.631386,-74.005351,,,1,
1270,N03N,,Fort Hamilton Pkwy,,40.631386,-74.005351,,,0,N03
1271,N03S,,Fort Hamilton Pkwy,,40.631386,-74.005351,,,0,N03
1272,N04,,New Utrecht Av,,40.624842,-73.996353,,,1,
1273,N04N,,New Utrecht Av,,40.624842,-73.996353,,,0,N04
1274,N04S,,New Utrecht Av,,40.624842,-73.996353,,,0,N04
1275,N05,,18 Av,,40.620671,-73.990414,,,1,
1276,N05N,,18 Av,,40.620671,-73.990414,,,0,N05
1277,N05S,,18 Av,,40.620671,-73.990414,,,0,N05
1278,N06,,20 Av,,40.61741,-73.985026,,,1,
1279,N06N,,20 Av,,40.61741,-73.985026,,,0,N06
1280,N06S,,20 Av,,40.61741,-73.985026,,,0,N06
1281,N07,,Bay Pkwy,,40.611815,-73.981848,,,1,
1282,N07N,,Bay Pkwy,,40.611815,-73.981848,,,0,N07
1283,N07S,,Bay Pkwy,,40.611815,-73.981848,,,0,N07
1284,N08,,Kings Hwy,,40.603922999999995,-73.98035300000001,,,1,
1285,N08N,,Kings Hwy,,40.603922999999995,-73.98035300000001,,,0,N08
1286,N08S,,Kings Hwy,,40.603922999999995,-73.98035300000001,,,0,N08
1287,N09,,Avenue U,,40.597473,-73.979137,,,1,
1288,N09N,,Avenue U,,40.597473,-73.979137,,,0,N09
1289,N09S,,Avenue U,,40.597473,-73.979137,,,0,N09
1290,N10,,86 St,,40.592721000000004,-73.97823000000001,,,1,
1291,N10N,,86 St,,40.592721000000004,-73.97823000000001,,,0,N10
1292,N10S,,86 St,,40.592721000000004,-73.97823000000001,,,0,N10
1293,N12,,S.B. Coney Island,,40.577422,-73.98123299999999,,,1,
1294,N12N,,S.B. Coney Island,,40.577422,-73.98123299999999,,,0,N12
1295,N12S,,S.B. Coney Island,,40.577422,-73.98123299999999,,,0,N12
1296,Q01,,Canal St,,40.718383,-74.00046,,,1,
1297,Q01N,,Canal St,,40.718383,-74.00046,,,0,Q01
1298,Q01S,,Canal St,,40.718383,-74.00046,,,0,Q01
1299,Q03,,72 St,,40.768799,-73.958424,,,1,
1300,Q03N,,72 St,,40.768799,-73.958424,,,0,Q03
1301,Q03S,,72 St,,40.768799,-73.958424,,,0,Q03
1302,Q04,,86 St,,40.777891,-73.951787,,,1,
1303,Q04N,,86 St,,40.777891,-73.951787,,,0,Q04
1304,Q04S,,86 St,,40.777891,-73.951787,,,0,Q04
1305,Q05,,96 St,,40.784318,-73.947152,,,1,
1306,Q05N,,96 St,,40.784318,-73.947152,,,0,Q05
1307,Q05S,,96 St,,40.784318,-73.947152,,,0,Q05
1308,R01,,Astoria - Ditmars Blvd,,40.775036,-73.91203399999999,,,1,
1309,R01N,,Astoria - Ditmars Blvd,,40.775036,-73.91203399999999,,,0,R01
1310,R01S,,Astoria - Ditmars Blvd,,40.775036,-73.91203399999999,,,0,R01
1311,R03,,Astoria Blvd,,40.770258,-73.917843,,,1,
1312,R03N,,Astoria Blvd,,40.770258,-73.917843,,,0,R03
1313,R03S,,Astoria Blvd,,40.770258,-73.917843,,,0,R03
1314,R04,,30 Av,,40.766779,-73.921479,,,1,
1315,R04N,,30 Av,,40.766779,-73.921479,,,0,R04
1316,R04S,,30 Av,,40.766779,-73.921479,,,0,R04
1317,R05,,Broadway,,40.76182,-73.925508,,,1,
1318,R05N,,Broadway,,40.76182,-73.925508,,,0,R05
1319,R05S,,Broadway,,40.76182,-73.925508,,,0,R05
1320,R06,,36 Av,,40.756803999999995,-73.929575,,,1,
1321,R06N,,36 Av,,40.756803999999995,-73.929575,,,0,R06
1322,R06S,,36 Av,,40.756803999999995,-73.929575,,,0,R06
1323,R08,,39 Av,,40.752882,-73.932755,,,1,
1324,R08N,,39 Av,,40.752882,-73.932755,,,0,R08
1325,R08S,,39 Av,,40.752882,-73.932755,,,0,R08
1326,R09,,Queensboro Plaza,,40.750582,-73.940202,,,1,
1327,R09N,,Queensboro Plaza,,40.750582,-73.940202,,,0,R09
1328,R09S,,Queensboro Plaza,,40.750582,-73.940202,,,0,R09
1329,R11,,Lexington Av/59 St,,40.76266,-73.967258,,,1,
1330,R11N,,Lexington Av/59 St,,40.76266,-73.967258,,,0,R11
1331,R11S,,Lexington Av/59 St,,40.76266,-73.967258,,,0,R11
1332,R13,,5 Av/59 St,,40.764811,-73.973347,,,1,
1333,R13N,,5 Av/59 St,,40.764811,-73.973347,,,0,R13
1334,R13S,,5 Av/59 St,,40.764811,-73.973347,,,0,R13
1335,R14,,57 St - 7 Av,,40.764664,-73.98065799999999,,,1,
1336,R14N,,57 St - 7 Av,,40.764664,-73.98065799999999,,,0,R14
1337,R14S,,57 St - 7 Av,,40.764664,-73.98065799999999,,,0,R14
1338,R15,,49 St,,40.759901,-73.984139,,,1,
1339,R15N,,49 St,,40.759901,-73.984139,,,0,R15
1340,R15S,,49 St,,40.759901,-73.984139,,,0,R15
1341,R16,,Times Sq - 42 St,,40.754672,-73.986754,,,1,
1342,R16N,,Times Sq - 42 St,,40.754672,-73.986754,,,0,R16
1343,R16S,,Times Sq - 42 St,,40.754672,-73.986754,,,0,R16
1344,R17,,34 St - Herald Sq,,40.749567,-73.98795,,,1,
1345,R17N,,34 St - Herald Sq,,40.749567,-73.98795,,,0,R17
1346,R17S,,34 St - Herald Sq,,40.749567,-73.98795,,,0,R17
1347,R18,,28 St,,40.745494,-73.988691,,,1,
1348,R18N,,28 St,,40.745494,-73.988691,,,0,R18
1349,R18S,,28 St,,40.745494,-73.988691,,,0,R18
1350,R19,,23 St,,40.741303,-73.98934399999999,,,1,
1351,R19N,,23 St,,40.741303,-73.98934399999999,,,0,R19
1352,R19S,,23 St,,40.741303,-73.98934399999999,,,0,R19
1353,R20,,14 St - Union Sq,,40.735735999999996,-73.99056800000001,,,1,
1354,R20N,,14 St - Union Sq,,40.735735999999996,-73.99056800000001,,,0,R20
1355,R20S,,14 St - Union Sq,,40.735735999999996,-73.99056800000001,,,0,R20
1356,R21,,8 St - NYU,,40.730328,-73.99262900000001,,,1,
1357,R21N,,8 St - NYU,,40.730328,-73.99262900000001,,,0,R21
1358,R21S,,8 St - NYU,,40.730328,-73.99262900000001,,,0,R21
1359,R22,,Prince St,,40.724329,-73.997702,,,1,
1360,R22N,,Prince St,,40.724329,-73.997702,,,0,R22
1361,R22S,,Prince St,,40.724329,-73.997702,,,0,R22
1362,R23,,Canal St,,40.719527,-74.001775,,,1,
1363,R23N,,Canal St,,40.719527,-74.001775,,,0,R23
1364,R23S,,Canal St,,40.719527,-74.001775,,,0,R23
1365,R24,,City Hall,,40.713282,-74.006978,,,1,
1366,R24N,,City Hall,,40.713282,-74.006978,,,0,R24
1367,R24S,,City Hall,,40.713282,-74.006978,,,0,R24
1368,R25,,Cortlandt St,,40.710668,-74.01102900000001,,,1,
1369,R25N,,Cortlandt St,,40.710668,-74.01102900000001,,,0,R25
1370,R25S,,Cortlandt St,,40.710668,-74.01102900000001,,,0,R25
1371,R26,,Rector St,,40.70722,-74.01334200000001,,,1,
1372,R26N,,Rector St,,40.70722,-74.01334200000001,,,0,R26
1373,R26S,,Rector St,,40.70722,-74.01334200000001,,,0,R26
1374,R27,,Whitehall St,,40.703087,-74.01299399999999,,,1,
1375,R27N,,Whitehall St,,40.703087,-74.01299399999999,,,0,R27
1376,R27S,,Whitehall St,,40.703087,-74.01299399999999,,,0,R27
1377,R28,,Court St,,40.6941,-73.991777,,,1,
1378,R28N,,Court St,,40.6941,-73.991777,,,0,R28
1379,R28S,,Court St,,40.6941,-73.991777,,,0,R28
1380,R29,,Jay St - MetroTech,,40.69218,-73.98594200000001,,,1,
1381,R29N,,Jay St - MetroTech,,40.69218,-73.98594200000001,,,0,R29
1382,R29S,,Jay St - MetroTech,,40.69218,-73.98594200000001,,,0,R29
1383,R30,,DeKalb Av,,40.690635,-73.981824,,,1,
1384,R30N,,DeKalb Av,,40.690635,-73.981824,,,0,R30
1385,R30S,,DeKalb Av,,40.690635,-73.981824,,,0,R30
1386,R31,,Atlantic Av - Barclays Ctr,,40.683665999999995,-73.97881,,,1,
1387,R31N,,Atlantic Av - Barclays Ctr,,40.683665999999995,-73.97881,,,0,R31
1388,R31S,,Atlantic Av - Barclays Ctr,,40.683665999999995,-73.97881,,,0,R31
1389,R32,,Union St,,40.677316,-73.98311,,,1,
1390,R32N,,Union St,,40.677316,-73.98311,,,0,R32
1391,R32S,,Union St,,40.677316,-73.98311,,,0,R32
1392,R33,,9 St,,40.670846999999995,-73.988302,,,1,
1393,R33N,,9 St,,40.670846999999995,-73.988302,,,0,R33
1394,R33S,,9 St,,40.670846999999995,-73.988302,,,0,R33
1395,R34,,Prospect Av,,40.665414,-73.99287199999999,,,1,
1396,R34N,,Prospect Av,,40.665414,-73.99287199999999,,,0,R34
1397,R34S,,Prospect Av,,40.665414,-73.99287199999999,,,0,R34
1398,R35,,25 St,,40.660396999999996,-73.998091,,,1,
1399,R35N,,25 St,,40.660396999999996,-73.998091,,,0,R35
1400,R35S,,25 St,,40.660396999999996,-73.998091,,,0,R35
1401,R36,,36 St,,40.655144,-74.00354899999999,,,1,
1402,R36N,,36 St,,40.655144,-74.00354899999999,,,0,R36
1403,R36S,,36 St,,40.655144,-74.00354899999999,,,0,R36
1404,R39,,45 St,,40.648939,-74.010006,,,1,
1405,R39N,,45 St,,40.648939,-74.010006,,,0,R39
1406,R39S,,45 St,,40.648939,-74.010006,,,0,R39
1407,R40,,53 St,,40.645069,-74.014034,,,1,
1408,R40N,,53 St,,40.645069,-74.014034,,,0,R40
1409,R40S,,53 St,,40.645069,-74.014034,,,0,R40
1410,R41,,59 St,,40.641362,-74.017881,,,1,
1411,R41N,,59 St,,40.641362,-74.017881,,,0,R41
1412,R41S,,59 St,,40.641362,-74.017881,,,0,R41
1413,R42,,Bay Ridge Av,,40.634966999999996,-74.023377,,,1,
1414,R42N,,Bay Ridge Av,,40.634966999999996,-74.023377,,,0,R42
1415,R42S,,Bay Ridge Av,,40.634966999999996,-74.023377,,,0,R42
1416,R43,,77 St,,40.629742,-74.02551,,,1,
1417,R43N,,77 St,,40.629742,-74.02551,,,0,R43
1418,R43S,,77 St,,40.629742,-74.02551,,,0,R43
1419,R44,,86 St,,40.622687,-74.028398,,,1,
1420,R44N,,86 St,,40.622687,-74.028398,,,0,R44
1421,R44S,,86 St,,40.622687,-74.028398,,,0,R44
1422,R45,,Bay Ridge - 95 St,,40.616622,-74.030876,,,1,
1423,R45N,,Bay Ridge - 95 St,,40.616622,-74.030876,,,0,R45
1424,R45S,,Bay Ridge - 95 St,,40.616622,-74.030876,,,0,R45
1425,S01,,Franklin Av,,40.680596,-73.955827,,,1,
1426,S01N,,Franklin Av,,40.680596,-73.955827,,,0,S01
1427,S01S,,Franklin Av,,40.680596,-73.955827,,,0,S01
1428,S03,,Park Pl,,40.674772,-73.957624,,,1,
1429,S03N,,Park Pl,,40.674772,-73.957624,,,0,S03
1430,S03S,,Park Pl,,40.674772,-73.957624,,,0,S03
1431,S04,,Botanic Garden,,40.670343,-73.959245,,,1,
1432,S04N,,Botanic Garden,,40.670343,-73.959245,,,0,S04
1433,S04S,,Botanic Garden,,40.670343,-73.959245,,,0,S04
1434,S09,,Tottenville,,40.512764000000004,-74.251961,,,1,
1435,S09N,,Tottenville,,40.512764000000004,-74.251961,,,0,S09
1436,S09S,,Tottenville,,40.512764000000004,-74.251961,,,0,S09
1437,S10,,Atlantic,,40.515401000000004,-74.245689,,,1,
1438,S10N,,Atlantic,,40.515401000000004,-74.245689,,,0,S10
1439,S10S,,Atlantic,,40.515401000000004,-74.245689,,,0,S10
1440,S11,,Arthur Kill,,40.516578,-74.24209599999999,,,1,
1441,S11N,,Arthur Kill,,40.516578,-74.24209599999999,,,0,S11
1442,S11S,,Arthur Kill,,40.516578,-74.24209599999999,,,0,S11
1443,S12,,Nassau,,40.517812,-74.238373,,,1,
1444,S12N,,Nassau,,40.517812,-74.238373,,,0,S12
1445,S12S,,Nassau,,40.517812,-74.238373,,,0,S12
1446,S13,,Richmond Valley,,40.519631,-74.229141,,,1,
1447,S13N,,Richmond Valley,,40.519631,-74.229141,,,0,S13
1448,S13S,,Richmond Valley,,40.519631,-74.229141,,,0,S13
1449,S14,,Pleasant Plains,,40.52241,-74.21784699999999,,,1,
1450,S14N,,Pleasant Plains,,40.52241,-74.21784699999999,,,0,S14
1451,S14S,,Pleasant Plains,,40.52241,-74.21784699999999,,,0,S14
1452,S15,,Prince's Bay,,40.525507,-74.200064,,,1,
1453,S15N,,Prince's Bay,,40.525507,-74.200064,,,0,S15
1454,S15S,,Prince's Bay,,40.525507,-74.200064,,,0,S15
1455,S16,,Huguenot,,40.533674,-74.19179399999999,,,1,
1456,S16N,,Huguenot,,40.533674,-74.19179399999999,,,0,S16
1457,S16S,,Huguenot,,40.533674,-74.19179399999999,,,0,S16
1458,S17,,Annadale,,40.540459999999996,-74.178217,,,1,
1459,S17N,,Annadale,,40.540459999999996,-74.178217,,,0,S17
1460,S17S,,Annadale,,40.540459999999996,-74.178217,,,0,S17
1461,S18,,Eltingville,,40.544601,-74.16457,,,1,
1462,S18N,,Eltingville,,40.544601,-74.16457,,,0,S18
1463,S18S,,Eltingville,,40.544601,-74.16457,,,0,S18
1464,S19,,Great Kills,,40.551231,-74.151399,,,1,
1465,S19N,,Great Kills,,40.551231,-74.151399,,,0,S19
1466,S19S,,Great Kills,,40.551231,-74.151399,,,0,S19
1467,S20,,Bay Terrace,,40.5564,-74.136907,,,1,
1468,S20N,,Bay Terrace,,40.5564,-74.136907,,,0,S20
1469,S20S,,Bay Terrace,,40.5564,-74.136907,,,0,S20
1470,S21,,Oakwood Heights,,40.56511,-74.12631999999999,,,1,
1471,S21N,,Oakwood Heights,,40.56511,-74.12631999999999,,,0,S21
1472,S21S,,Oakwood Heights,,40.56511,-74.12631999999999,,,0,S21
1473,S22,,New Dorp,,40.573479999999996,-74.11721,,,1,
1474,S22N,,New Dorp,,40.573479999999996,-74.11721,,,0,S22
1475,S22S,,New Dorp,,40.573479999999996,-74.11721,,,0,S22
1476,S23,,Grant City,,40.578965000000004,-74.10970400000001,,,1,
1477,S23N,,Grant City,,40.578965000000004,-74.10970400000001,,,0,S23
1478,S23S,,Grant City,,40.578965000000004,-74.10970400000001,,,0,S23
1479,S24,,Jefferson Av,,40.583591,-74.103338,,,1,
1480,S24N,,Jefferson Av,,40.583591,-74.103338,,,0,S24
1481,S24S,,Jefferson Av,,40.583591,-74.103338,,,0,S24
1482,S25,,Dongan Hills,,40.588848999999996,-74.09609,,,1,
1483,S25N,,Dongan Hills,,40.588848999999996,-74.09609,,,0,S25
1484,S25S,,Dongan Hills,,40.588848999999996,-74.09609,,,0,S25
1485,S26,,Old Town,,40.596612,-74.08736800000001,,,1,
1486,S26N,,Old Town,,40.596612,-74.08736800000001,,,0,S26
1487,S26S,,Old Town,,40.596612,-74.08736800000001,,,0,S26
1488,S27,,Grasmere,,40.603117,-74.084087,,,1,
1489,S27N,,Grasmere,,40.603117,-74.084087,,,0,S27
1490,S27S,,Grasmere,,40.603117,-74.084087,,,0,S27
1491,S28,,Clifton,,40.621319,-74.071402,,,1,
1492,S28N,,Clifton,,40.621319,-74.071402,,,0,S28
1493,S28S,,Clifton,,40.621319,-74.071402,,,0,S28
1494,S29,,Stapleton,,40.627915,-74.075162,,,1,
1495,S29N,,Stapleton,,40.627915,-74.075162,,,0,S29
1496,S29S,,Stapleton,,40.627915,-74.075162,,,0,S29
1497,S30,,Tompkinsville,,40.636949,-74.074835,,,1,
1498,S30N,,Tompkinsville,,40.636949,-74.074835,,,0,S30
1499,S30S,,Tompkinsville,,40.636949,-74.074835,,,0,S30
1500,S31,,St George,,40.643747999999995,-74.073643,,,1,
1501,S31N,,St George,,40.643747999999995,-74.073643,,,0,S31
1502,S31S,,St George,,40.643747999999995,-74.073643,,,0,S31
